,ID,Sex,Marital status,Age,Education,SavAcBal,Occupation,Settlement size
0,100000001,0,0,67,2,31167,1,2
1,100000002,1,1,22,1,37693,1,2
2,100000003,0,0,49,1,22302,0,0
3,100000004,0,0,45,1,42891,1,1
4,100000005,0,0,53,1,37257,1,1
5,100000006,0,0,35,1,36212,0,0
6,100000007,0,0,53,1,39123,1,1
7,100000008,0,0,35,1,96810,2,1
8,100000009,0,1,61,2,37897,0,0
9,100000010,0,1,28,1,43661,2,0
10,100000011,1,1,25,1,27117,1,0
11,100000012,1,1,24,1,31899,1,0
12,100000013,1,1,22,1,27171,1,2
13,100000014,0,0,60,2,22343,0,0
14,100000015,1,1,28,1,25724,1,1
15,100000016,1,1,32,1,22107,0,0
16,100000017,0,0,53,1,31387,1,0
17,100000018,0,0,25,0,39358,1,2
18,100000019,1,1,44,2,32744,2,2
19,100000020,0,0,31,0,36164,1,1
20,100000021,0,0,48,1,29694,1,1
21,100000022,0,0,44,1,36877,1,1
22,100000023,0,0,48,1,22451,0,0
23,100000024,0,0,44,1,33729,1,2
24,100000025,0,1,26,1,25916,1,2
25,100000026,0,0,36,1,17977,0,0
26,100000027,0,1,39,1,17066,0,0
27,100000028,1,1,42,2,40756,1,1
28,100000029,0,0,34,1,29826,1,1
29,100000030,0,0,63,2,43970,1,0
30,100000031,0,1,36,1,39911,1,1
31,100000032,0,0,27,0,30032,1,1
32,100000033,0,0,30,0,40686,1,2
33,100000034,0,0,57,2,21901,0,0
34,100000035,1,1,33,1,38892,2,1
35,100000036,0,0,25,0,26126,0,0
36,100000037,0,0,31,0,35846,1,2
37,100000038,0,0,37,1,31919,1,1
38,100000039,0,0,37,1,29819,1,1
39,100000040,0,0,24,0,23135,1,1
40,100000041,0,0,30,0,40832,2,1
41,100000042,0,1,26,1,65460,1,0
42,100000043,0,0,44,1,33414,0,0
43,100000044,0,1,24,1,38776,1,1
44,100000045,1,1,58,2,35583,0,1
45,100000046,1,1,35,1,34596,2,1
46,100000047,0,0,39,1,35045,1,0
47,100000048,1,1,23,1,32710,0,0
48,100000049,0,0,39,1,130500,0,0
49,100000050,1,1,28,1,30707,1,0
50,100000051,0,0,29,0,21132,0,0
51,100000052,0,0,30,0,45049,2,2
52,100000053,0,0,25,0,23014,1,2
53,100000054,0,0,31,0,29289,1,0
54,100000055,0,0,57,2,33957,1,1
55,100000056,0,0,26,0,14564,0,0
56,100000057,0,0,52,1,25321,2,2
57,100000058,1,1,31,1,45914,1,1
58,100000059,1,1,23,1,38066,2,1
59,100000060,1,1,23,1,57620,0,0
60,100000061,0,1,27,1,26738,1,2
61,100000062,0,0,50,1,61820,1,1
62,100000063,0,0,61,2,41602,2,1
63,100000064,0,0,25,0,28423,1,2
64,100000065,1,1,26,1,29593,1,1
65,100000066,0,0,48,1,37028,1,1
66,100000067,1,1,29,1,27767,1,0
67,100000068,0,1,22,1,69890,1,0
68,100000069,0,0,37,1,26744,1,2
69,100000070,1,1,25,1,27504,1,2
70,100000071,1,1,30,1,42275,1,1
71,100000072,0,0,46,1,18425,0,0
72,100000073,0,0,51,1,35464,2,2
73,100000074,1,1,41,2,33989,0,0
74,100000075,0,0,40,1,35222,2,2
75,100000076,0,0,66,2,39324,2,2
76,100000077,0,0,34,1,31296,1,1
77,100000078,0,0,51,1,38871,1,2
78,100000079,0,0,39,1,37924,0,0
79,100000080,0,1,22,1,126400,1,1
80,100000081,1,1,44,2,39811,1,2
81,100000082,0,0,47,1,34034,1,1
82,100000083,1,1,24,1,21198,0,0
83,100000084,1,1,58,2,25052,0,0
84,100000085,0,0,52,1,23426,0,0
85,100000086,1,1,29,1,33445,2,1
86,100000087,1,1,27,1,27516,1,2
87,100000088,0,0,47,1,30133,1,1
88,100000089,0,0,30,0,37255,2,2
89,100000090,0,0,28,0,23243,1,2
90,100000091,0,0,56,1,27651,1,1
91,100000092,0,0,54,1,29151,1,1
92,100000093,1,1,33,1,17767,0,0
93,100000094,0,0,20,0,32169,1,1
94,100000095,0,0,54,1,41307,1,2
95,100000096,0,0,58,2,33542,1,1
96,100000097,1,1,61,2,33767,1,1
97,100000098,0,0,34,1,33698,1,2
98,100000099,0,0,36,1,30038,1,1
99,100000100,0,0,36,1,48866,2,2
100,100000101,0,1,41,1,23343,0,0
101,100000102,0,0,24,0,27611,1,0
102,100000103,1,1,24,1,23796,1,1
103,100000104,0,0,35,1,28835,1,1
104,100000105,0,1,26,1,26819,1,1
105,100000106,0,0,39,1,30589,2,2
106,100000107,0,0,39,1,45777,2,2
107,100000108,0,0,32,0,38219,1,2
108,100000109,1,1,30,1,41286,1,0
109,100000110,0,1,35,1,70260,1,0
110,100000111,0,1,31,1,31050,1,1
111,100000112,1,1,23,1,26801,1,1
112,100000113,0,0,28,0,30358,0,2
113,100000114,1,1,25,1,40611,1,0
114,100000115,0,1,35,1,33528,1,1
115,100000116,0,0,47,1,32960,1,1
116,100000117,1,1,30,1,47474,2,0
117,100000118,1,1,27,1,27274,1,2
118,100000119,1,1,23,1,38384,1,1
119,100000120,0,1,36,1,45123,2,1
120,100000121,1,1,25,1,26163,1,2
121,100000122,1,1,41,2,41733,2,2
122,100000123,0,0,24,0,16529,0,0
123,100000124,0,0,63,2,33938,1,0
124,100000125,1,1,27,1,29025,1,2
125,100000126,0,0,30,0,26073,1,1
126,100000127,0,1,40,1,17925,0,0
127,100000128,0,0,30,0,24766,1,2
128,100000129,0,0,34,1,35994,2,2
129,100000130,1,1,29,1,30954,1,0
130,100000131,1,1,24,1,44178,1,2
131,100000132,0,0,29,0,37312,1,2
132,100000133,0,0,27,0,19383,0,0
133,100000134,0,0,47,1,58270,1,1
134,100000135,1,1,21,1,48682,1,0
135,100000136,1,1,38,1,27327,1,2
136,100000137,0,0,27,0,51180,1,2
137,100000138,0,0,66,2,31500,0,0
138,100000139,0,0,35,1,30777,1,1
139,100000140,1,1,44,2,27062,0,0
140,100000141,0,1,27,1,22477,0,0
141,100000142,1,1,30,1,44014,2,1
142,100000143,0,0,27,0,36083,2,2
143,100000144,0,0,22,0,25296,1,1
144,100000145,1,1,23,1,26851,1,2
145,100000146,0,0,30,0,35166,1,1
146,100000147,1,1,39,2,53230,1,0
147,100000148,1,1,51,2,31956,1,0
148,100000149,0,0,28,0,33474,1,1
149,100000150,0,0,46,1,38095,1,2
150,100000151,0,0,42,1,29981,1,0
151,100000152,0,0,38,1,27196,1,2
152,100000153,0,0,24,0,38321,1,1
153,100000154,1,1,29,1,26775,1,2
154,100000155,0,0,36,1,26012,2,2
155,100000156,1,1,20,1,23838,1,1
156,100000157,0,0,48,1,31039,1,1
157,100000158,0,1,45,2,18053,0,0
158,100000159,0,0,38,1,36632,1,2
159,100000160,0,0,34,1,18835,0,0
160,100000161,0,0,36,1,32447,1,1
161,100000162,1,1,30,1,25288,1,1
162,100000163,0,0,36,1,31958,1,2
163,100000164,0,0,70,2,28124,2,2
164,100000165,0,0,36,1,31111,1,2
165,100000166,0,0,32,0,35279,1,1
166,100000167,1,1,33,1,26069,1,2
167,100000168,1,1,20,1,36921,1,2
168,100000169,1,1,25,1,31292,1,1
169,100000170,0,1,31,1,28842,1,2
170,100000171,0,0,33,1,23861,1,0
171,100000172,1,1,26,1,23789,1,1
172,100000173,1,1,34,1,38257,2,2
173,100000174,0,0,33,1,27224,1,0
174,100000175,0,0,26,0,28378,1,1
175,100000176,1,1,53,2,26403,2,0
176,100000177,0,1,42,2,30326,1,0
177,100000178,0,0,52,1,32931,1,2
178,100000179,0,0,31,0,33393,2,1
179,100000180,0,0,65,2,29333,1,0
180,100000181,0,1,28,1,44322,1,2
181,100000182,0,1,30,1,42190,2,1
182,100000183,0,0,40,1,38860,0,0
183,100000184,0,0,50,1,44161,1,2
184,100000185,0,0,36,1,26551,1,1
185,100000186,0,0,31,0,24446,1,1
186,100000187,1,1,74,3,26795,2,1
187,100000188,0,0,68,2,18631,0,0
188,100000189,0,1,20,1,24747,1,0
189,100000190,1,1,33,1,66780,1,1
190,100000191,0,0,54,1,27206,2,2
191,100000192,0,0,34,1,29131,0,0
192,100000193,0,0,36,1,33825,1,2
193,100000194,0,1,29,1,26608,1,1
194,100000195,0,0,21,0,32087,1,2
195,100000196,1,1,34,1,36906,2,2
196,100000197,1,1,28,1,25674,1,0
197,100000198,1,1,27,1,30065,1,0
198,100000199,0,0,36,1,31053,1,2
199,100000200,0,1,40,1,43805,2,1
200,100000201,0,0,52,1,34366,1,0
201,100000202,0,1,27,1,16453,0,0
202,100000203,0,0,26,0,32466,1,1
203,100000204,0,1,21,1,22118,1,1
204,100000205,0,0,38,1,18666,0,0
205,100000206,0,0,38,1,27786,2,2
206,100000207,0,0,43,1,28219,1,0
207,100000208,0,0,26,0,25852,1,2
208,100000209,0,1,21,1,28217,0,0
209,100000210,0,0,55,1,78970,1,2
210,100000211,0,0,33,1,28958,1,2
211,100000212,1,1,45,2,27451,0,0
212,100000213,0,0,50,1,37674,1,1
213,100000214,0,0,66,2,44741,2,0
214,100000215,0,0,51,1,33191,1,0
215,100000216,1,1,39,2,21538,0,0
216,100000217,0,0,31,0,28632,1,2
217,100000218,0,0,23,0,33478,1,1
218,100000219,0,1,24,1,20302,0,0
219,100000220,1,1,64,3,32810,1,0
220,100000221,0,1,26,1,17201,0,0
221,100000222,1,1,23,1,48480,1,1
222,100000223,0,0,30,0,22679,1,2
223,100000224,0,0,32,0,28529,1,1
224,100000225,0,0,30,0,32159,1,1
225,100000226,0,0,27,0,26655,1,1
226,100000227,0,0,27,0,29533,1,1
227,100000228,0,0,53,1,25972,2,1
228,100000229,0,0,22,0,22934,1,1
229,100000230,0,0,22,0,53890,1,2
230,100000231,0,0,26,0,34789,1,2
231,100000232,0,0,51,1,30437,0,0
232,100000233,0,0,35,1,30493,1,0
233,100000234,0,1,25,1,35160,0,0
234,100000235,0,0,42,1,19581,0,0
235,100000236,0,0,30,0,32858,2,0
236,100000237,0,0,23,0,41769,0,2
237,100000238,0,1,61,2,32697,0,0
238,100000239,1,1,35,1,26852,1,1
239,100000240,0,0,39,1,28830,1,1
240,100000241,1,1,29,1,24753,1,0
241,100000242,0,0,51,1,28999,1,1
242,100000243,0,0,24,0,30838,1,1
243,100000244,1,1,27,1,25002,1,0
244,100000245,1,1,35,1,31276,0,0
245,100000246,0,0,25,0,46010,1,2
246,100000247,0,0,52,1,27091,1,2
247,100000248,0,0,35,1,28244,1,0
248,100000249,0,0,26,0,58610,1,1
249,100000250,1,1,22,1,88800,1,2
250,100000251,1,1,39,2,28774,0,0
251,100000252,1,1,46,2,28349,0,0
252,100000253,1,1,24,1,28969,1,1
253,100000254,0,0,35,1,35317,1,2
254,100000255,0,0,24,0,26908,1,1
255,100000256,0,0,27,0,32937,0,0
256,100000257,0,0,35,1,20921,0,0
257,100000258,0,1,29,1,26707,1,2
258,100000259,1,1,23,1,33884,1,1
259,100000260,1,1,57,2,26785,0,0
260,100000261,0,0,27,0,24361,1,1
261,100000262,1,1,55,2,31589,1,2
262,100000263,0,0,36,1,42404,2,1
263,100000264,1,1,57,2,27236,0,0
264,100000265,0,0,32,0,16836,0,0
265,100000266,0,0,37,1,26553,1,0
266,100000267,0,0,36,1,37309,1,0
267,100000268,1,1,38,1,28031,1,0
268,100000269,0,1,45,2,26893,2,2
269,100000270,0,0,25,0,22383,1,1
270,100000271,0,0,32,0,27770,1,2
271,100000272,1,1,37,1,34267,1,1
272,100000273,0,0,36,1,30567,2,2
273,100000274,0,0,28,0,30178,1,1
274,100000275,0,1,34,1,43841,0,0
275,100000276,0,0,32,0,27854,1,1
276,100000277,1,1,26,1,27728,1,0
277,100000278,0,1,49,2,21066,0,0
278,100000279,1,1,32,1,34221,1,2
279,100000280,0,0,29,0,36221,2,2
280,100000281,0,0,23,0,75590,1,1
281,100000282,0,0,50,1,28749,1,1
282,100000283,0,0,49,1,50480,0,0
283,100000284,0,0,63,2,31212,1,2
284,100000285,0,1,37,1,38077,1,2
285,100000286,1,1,35,1,41986,0,1
286,100000287,0,0,26,0,31676,1,2
287,100000288,0,0,31,0,26252,2,2
288,100000289,1,1,49,2,31416,1,1
289,100000290,0,1,48,2,27796,1,1
290,100000291,0,1,26,1,23533,1,0
291,100000292,0,1,28,1,26827,2,1
292,100000293,1,1,44,2,48454,2,1
293,100000294,0,0,56,1,42178,1,1
294,100000295,0,1,46,2,25374,2,1
295,100000296,1,1,26,1,48112,1,2
296,100000297,1,1,20,1,31982,1,2
297,100000298,0,0,45,1,19563,0,0
298,100000299,0,0,43,1,29611,1,1
299,100000300,0,0,32,0,40344,1,2
300,100000301,1,1,54,2,14155,0,0
301,100000302,1,1,42,2,36529,1,1
302,100000303,0,0,37,1,22604,0,0
303,100000304,0,0,49,1,27263,1,0
304,100000305,0,0,44,1,27414,1,0
305,100000306,0,1,33,1,72350,1,1
306,100000307,1,1,24,1,25606,0,0
307,100000308,0,1,33,1,19966,0,0
308,100000309,1,1,24,1,26778,1,2
309,100000310,0,1,22,1,15565,0,0
310,100000311,0,0,40,1,23141,0,0
311,100000312,0,0,25,0,36587,1,0
312,100000313,1,1,26,1,35456,1,1
313,100000314,0,1,25,1,17145,0,0
314,100000315,0,0,29,0,21369,0,0
315,100000316,0,0,31,0,27772,1,2
316,100000317,0,0,38,1,16777,0,0
317,100000318,1,1,48,2,31538,0,0
318,100000319,0,0,32,0,23064,1,2
319,100000320,1,1,27,1,23401,0,0
320,100000321,0,1,28,1,41297,2,0
321,100000322,0,1,32,1,26798,1,0
322,100000323,0,0,34,1,36264,2,0
323,100000324,0,0,28,0,37090,1,0
324,100000325,1,1,36,1,52840,1,2
325,100000326,0,0,39,1,23433,0,0
326,100000327,0,0,49,1,38694,1,2
327,100000328,1,1,34,1,37339,1,2
328,100000329,0,0,31,0,36417,1,1
329,100000330,0,0,28,0,25397,1,2
330,100000331,0,0,75,2,26666,2,1
331,100000332,1,1,30,1,61210,1,0
332,100000333,1,1,24,1,26232,2,1
333,100000334,1,1,24,1,45250,0,0
334,100000335,0,0,23,0,29451,1,1
335,100000336,0,1,44,2,40162,2,1
336,100000337,1,1,23,1,21152,0,0
337,100000338,1,1,24,1,24619,1,2
338,100000339,0,0,28,0,30589,1,2
339,100000340,0,1,31,1,20348,0,0
340,100000341,1,1,24,1,37593,1,1
341,100000342,1,1,26,1,23096,0,0
342,100000343,0,1,25,1,37462,1,2
343,100000344,0,0,33,1,41984,2,1
344,100000345,0,0,37,1,28856,0,0
345,100000346,1,1,43,2,21350,0,0
346,100000347,0,0,23,0,23953,1,2
347,100000348,1,1,23,1,24379,0,0
348,100000349,0,0,34,1,21838,0,0
349,100000350,0,0,32,0,36483,1,1
350,100000351,1,1,23,1,24326,1,0
351,100000352,1,1,29,1,27108,1,2
352,100000353,0,0,38,1,37828,2,1
353,100000354,0,0,28,0,35461,1,1
354,100000355,0,0,46,1,32668,1,2
355,100000356,0,0,23,0,17327,0,0
356,100000357,0,0,49,1,30366,1,2
357,100000358,0,0,26,0,38396,2,2
358,100000359,0,1,28,1,23212,1,0
359,100000360,1,1,23,1,27134,1,2
360,100000361,0,0,61,2,32389,1,2
361,100000362,0,0,37,1,42536,2,0
362,100000363,1,1,36,1,33845,1,1
363,100000364,0,1,21,1,24192,1,2
364,100000365,0,0,25,0,10921,0,0
365,100000366,0,0,36,1,51760,1,0
366,100000367,0,0,27,0,29624,1,1
367,100000368,1,1,22,1,29921,1,2
368,100000369,0,0,42,1,31646,1,1
369,100000370,1,1,40,2,34203,1,2
370,100000371,0,0,36,1,29569,1,1
371,100000372,0,0,33,1,36149,1,1
372,100000373,1,1,23,1,26510,1,0
373,100000374,0,0,63,2,34039,2,2
374,100000375,1,1,60,2,38670,2,2
375,100000376,1,1,37,1,42596,1,1
376,100000377,0,1,34,1,28114,1,0
377,100000378,0,0,36,1,48420,1,1
378,100000379,0,0,57,2,70480,2,1
379,100000380,1,1,52,2,23887,0,0
380,100000381,0,0,39,1,28086,1,2
381,100000382,1,1,38,1,32622,2,2
382,100000383,1,1,25,1,24838,1,0
383,100000384,0,0,26,0,27877,1,2
384,100000385,0,0,26,0,26313,0,0
385,100000386,1,1,25,1,27130,1,0
386,100000387,1,1,21,1,23663,1,1
387,100000388,0,0,40,1,25212,2,1
388,100000389,0,0,27,0,34967,1,2
389,100000390,1,1,27,1,25635,1,1
390,100000391,0,1,30,1,33616,2,2
391,100000392,1,1,19,1,27796,0,0
392,100000393,0,0,39,1,38075,2,1
393,100000394,1,1,31,1,27652,1,2
394,100000395,0,0,31,0,34456,2,2
395,100000396,0,0,32,0,55230,1,2
396,100000397,1,1,55,2,41429,2,2
397,100000398,0,1,46,2,30574,1,0
398,100000399,0,1,46,2,30124,1,0
399,100000400,1,1,43,2,31612,0,0
400,100000401,0,1,39,1,27078,1,2
401,100000402,0,1,28,1,28128,1,1
402,100000403,0,0,27,0,41139,1,1
403,100000404,0,0,27,0,14809,0,0
404,100000405,0,0,43,1,32783,1,0
405,100000406,0,1,22,1,27297,1,0
406,100000407,0,0,43,1,28848,1,1
407,100000408,0,1,27,1,23677,1,2
408,100000409,0,1,26,1,85930,2,0
409,100000410,0,1,28,1,34853,1,2
410,100000411,1,1,20,1,27732,1,1
411,100000412,0,0,35,1,46887,2,2
412,100000413,0,0,42,1,36377,2,0
413,100000414,0,0,40,1,52120,0,0
414,100000415,1,1,35,1,27068,1,1
415,100000416,0,0,35,1,36001,1,2
416,100000417,0,0,33,1,20270,0,0
417,100000418,1,1,23,1,41690,1,1
418,100000419,1,1,31,1,43882,2,1
419,100000420,1,1,33,1,28105,1,1
420,100000421,1,1,20,1,38533,1,2
421,100000422,0,0,30,0,56200,1,1
422,100000423,0,0,47,1,21422,0,0
423,100000424,0,0,34,1,36474,2,2
424,100000425,1,1,25,1,30638,1,2
425,100000426,0,1,21,1,28873,1,2
426,100000427,0,0,29,0,27366,1,0
427,100000428,0,0,46,1,37056,1,2
428,100000429,0,0,20,0,22139,1,1
429,100000430,1,1,55,2,15598,0,0
430,100000431,0,0,74,2,30533,0,0
431,100000432,0,0,29,0,57720,2,2
432,100000433,0,0,36,1,34172,2,2
433,100000434,0,1,33,1,27286,1,0
434,100000435,0,0,25,0,25112,1,2
435,100000436,0,1,25,1,26563,1,0
436,100000437,0,1,23,1,21186,0,0
437,100000438,1,1,37,1,37366,1,1
438,100000439,0,0,65,2,21108,0,0
439,100000440,1,1,26,1,25840,0,0
440,100000441,0,0,39,1,34799,2,1
441,100000442,1,1,30,1,26644,1,1
442,100000443,0,0,29,0,29343,1,2
443,100000444,0,0,41,1,17402,0,0
444,100000445,1,1,30,1,44736,2,2
445,100000446,1,1,41,2,20435,0,0
446,100000447,1,1,34,1,111900,1,1
447,100000448,0,0,35,1,30412,1,0
448,100000449,1,1,55,2,43159,2,2
449,100000450,0,1,61,2,87870,1,1
450,100000451,0,0,30,0,27506,2,2
451,100000452,1,1,29,1,95200,1,1
452,100000453,0,0,34,1,28402,1,1
453,100000454,0,0,35,1,35888,2,2
454,100000455,0,0,31,0,32743,1,2
455,100000456,1,1,29,1,36486,2,2
456,100000457,0,0,36,1,31551,1,1
457,100000458,0,0,35,1,30106,1,0
458,100000459,1,1,27,1,22981,1,2
459,100000460,0,0,32,0,32407,1,2
460,100000461,0,0,37,1,31067,1,2
461,100000462,0,0,36,1,52620,1,1
462,100000463,1,1,34,1,81090,2,0
463,100000464,0,0,38,1,26638,1,2
464,100000465,0,0,34,1,26460,1,2
465,100000466,0,0,63,2,34581,1,1
466,100000467,1,1,29,1,19038,0,0
467,100000468,0,0,32,0,38753,1,1
468,100000469,1,1,26,1,28592,1,1
469,100000470,0,0,35,1,25709,0,0
470,100000471,0,1,22,1,33199,1,0
471,100000472,1,1,23,1,22435,1,2
472,100000473,0,0,28,0,14653,0,0
473,100000474,0,0,36,1,32650,2,2
474,100000475,0,1,33,1,55170,1,0
475,100000476,1,1,26,1,29432,1,2
476,100000477,0,0,24,0,32702,1,0
477,100000478,0,0,25,0,36850,1,2
478,100000479,0,0,39,1,23391,0,0
479,100000480,0,0,44,1,27322,1,1
480,100000481,1,1,23,1,24685,0,0
481,100000482,0,0,26,0,25317,1,0
482,100000483,1,1,57,2,46958,1,1
483,100000484,1,1,30,1,70370,1,0
484,100000485,0,0,44,1,33316,1,2
485,100000486,0,0,47,1,148100,2,2
486,100000487,0,0,52,1,65510,1,2
487,100000488,1,1,62,2,76310,1,2
488,100000489,0,0,35,1,21258,0,0
489,100000490,0,0,26,0,28628,1,1
490,100000491,0,0,26,0,24826,1,1
491,100000492,1,1,42,2,27431,2,2
492,100000493,1,1,27,1,28501,1,0
493,100000494,0,0,38,1,25711,1,0
494,100000495,0,0,39,1,20370,0,0
495,100000496,0,1,20,1,26944,1,2
496,100000497,0,0,29,0,55590,2,2
497,100000498,0,0,40,1,26781,1,0
498,100000499,0,1,32,1,40040,0,0
499,100000500,0,1,28,1,129600,1,0
500,100000501,1,1,27,1,29653,1,1
501,100000502,0,0,42,1,36559,1,1
502,100000503,0,1,49,2,72230,1,2
503,100000504,0,0,38,1,31121,1,0
504,100000505,1,1,24,1,24456,1,0
505,100000506,0,0,27,0,16026,0,0
506,100000507,0,0,36,1,39093,1,2
507,100000508,0,0,34,1,25672,2,2
508,100000509,0,1,28,1,24741,1,2
509,100000510,0,0,45,1,55460,2,2
510,100000511,0,0,26,0,22006,1,2
511,100000512,0,0,32,0,40128,2,2
512,100000513,0,0,26,0,31134,1,2
513,100000514,0,1,20,1,23408,1,0
514,100000515,0,0,54,1,31181,1,0
515,100000516,1,1,37,1,25614,1,0
516,100000517,0,0,40,1,18743,0,0
517,100000518,1,1,23,1,76930,1,1
518,100000519,0,0,43,1,29837,1,2
519,100000520,0,0,36,1,23859,1,2
520,100000521,0,0,44,1,36991,1,2
521,100000522,1,1,24,1,29215,1,1
522,100000523,0,0,53,1,42655,1,1
523,100000524,1,1,23,1,33106,1,1
524,100000525,1,1,26,1,19379,0,0
525,100000526,0,0,30,0,42351,1,2
526,100000527,1,1,31,1,30007,1,0
527,100000528,0,0,42,1,19483,0,0
528,100000529,0,1,31,1,27473,1,1
529,100000530,0,0,41,1,17265,0,0
530,100000531,0,0,32,0,29087,1,0
531,100000532,1,1,28,1,34297,1,1
532,100000533,0,1,41,1,27549,1,0
533,100000534,0,1,26,1,27472,1,1
534,100000535,0,0,25,0,27437,1,2
535,100000536,0,1,33,1,32412,1,1
536,100000537,1,1,75,3,42528,2,1
537,100000538,1,1,37,1,35071,1,1
538,100000539,0,0,42,1,49507,2,2
539,100000540,1,1,45,2,30065,0,0
540,100000541,0,1,23,1,26284,1,1
541,100000542,0,0,60,2,31842,1,0
542,100000543,0,0,31,0,36422,1,0
543,100000544,0,0,34,1,25654,0,1
544,100000545,0,0,61,2,22677,0,0
545,100000546,0,0,43,1,26774,1,1
546,100000547,1,1,37,1,58010,1,2
547,100000548,0,0,32,0,25106,1,2
548,100000549,1,1,24,1,15562,0,0
549,100000550,0,0,35,1,43239,1,1
550,100000551,1,1,23,1,23750,1,1
551,100000552,0,0,45,1,27424,0,0
552,100000553,0,1,34,1,39344,1,0
553,100000554,0,0,27,0,30797,1,2
554,100000555,1,1,67,3,42763,2,0
555,100000556,0,0,22,0,24832,1,0
556,100000557,1,1,28,1,33449,1,2
557,100000558,1,1,29,1,34564,1,2
558,100000559,0,0,27,0,28909,1,0
559,100000560,0,0,31,0,20559,0,0
560,100000561,0,0,49,1,31885,1,1
561,100000562,0,0,24,0,15996,0,0
562,100000563,1,1,29,1,28696,1,0
563,100000564,0,0,37,1,27181,1,1
564,100000565,0,0,37,1,43437,2,2
565,100000566,1,1,23,1,30712,1,0
566,100000567,0,1,36,1,26238,1,0
567,100000568,0,0,34,1,38092,1,1
568,100000569,0,0,41,1,34976,1,0
569,100000570,1,1,31,1,156700,1,1
570,100000571,1,1,23,1,21622,0,0
571,100000572,0,0,38,1,36868,1,0
572,100000573,1,1,26,1,42497,2,0
573,100000574,1,1,22,1,31190,0,0
574,100000575,0,0,27,0,17731,0,0
575,100000576,1,1,24,1,28251,1,1
576,100000577,1,1,27,1,62880,1,0
577,100000578,1,1,33,1,27979,1,2
578,100000579,0,1,27,1,30168,1,1
579,100000580,0,1,27,1,15899,0,0
580,100000581,0,0,30,0,25767,1,1
581,100000582,0,0,49,1,27019,0,0
582,100000583,1,1,26,1,25289,1,1
583,100000584,0,0,33,1,22052,0,0
584,100000585,1,1,52,2,39763,2,1
585,100000586,1,1,20,1,25655,1,2
586,100000587,0,0,36,1,28897,1,0
587,100000588,0,0,21,0,14781,0,0
588,100000589,0,1,47,2,41120,0,0
589,100000590,0,0,60,2,32356,1,1
590,100000591,1,1,58,2,21764,0,0
591,100000592,1,1,42,2,32115,1,2
592,100000593,1,1,36,1,30350,0,0
593,100000594,1,1,20,1,44070,0,0
594,100000595,0,0,40,1,33736,2,2
595,100000596,1,1,32,1,23514,0,0
596,100000597,1,1,23,1,24821,1,1
597,100000598,0,0,36,1,27108,0,0
598,100000599,0,0,31,0,27842,1,0
599,100000600,0,0,32,0,30653,1,2
600,100000601,1,1,45,2,33587,1,0
601,100000602,1,1,30,1,27209,1,2
602,100000603,1,1,34,1,22713,0,0
603,100000604,1,1,28,1,75790,2,2
604,100000605,1,1,23,1,57840,1,1
605,100000606,0,0,22,0,32924,1,1
606,100000607,0,0,74,2,96240,2,1
607,100000608,1,1,50,2,38780,1,2
608,100000609,0,0,33,1,26503,1,2
609,100000610,0,0,45,1,27094,1,0
610,100000611,1,1,22,1,26314,1,1
611,100000612,1,1,48,2,29697,0,0
612,100000613,1,1,29,1,40738,1,2
613,100000614,1,1,22,1,29877,1,2
614,100000615,1,1,22,1,102000,1,0
615,100000616,0,0,48,1,31806,2,1
616,100000617,0,0,27,0,26055,2,2
617,100000618,0,0,37,1,31201,1,0
618,100000619,1,1,21,1,34844,1,0
619,100000620,0,1,49,2,19574,0,0
620,100000621,0,0,27,0,31399,1,1
621,100000622,0,0,32,0,25053,1,2
622,100000623,0,1,38,1,32737,1,2
623,100000624,1,1,22,1,51240,1,2
624,100000625,0,0,65,2,34203,1,1
625,100000626,0,0,35,1,26729,1,1
626,100000627,0,0,41,1,65510,1,2
627,100000628,0,0,29,0,29857,1,1
628,100000629,0,0,36,1,77260,1,1
629,100000630,0,0,64,2,29460,0,0
630,100000631,1,1,28,1,31141,1,2
631,100000632,0,0,44,1,27502,1,2
632,100000633,0,0,23,0,25302,1,1
633,100000634,1,1,19,1,25314,1,0
634,100000635,1,1,25,1,19761,0,0
635,100000636,0,0,47,1,27716,1,0
636,100000637,1,1,28,1,64820,1,2
637,100000638,0,0,21,0,28377,1,1
638,100000639,1,1,34,1,27137,1,1
639,100000640,0,0,26,0,30673,1,0
640,100000641,1,1,27,1,8958,0,0
641,100000642,0,0,38,1,20467,0,0
642,100000643,0,0,40,1,44947,2,2
643,100000644,0,1,33,1,26789,1,1
644,100000645,0,1,32,1,34159,2,1
645,100000646,0,0,27,0,39536,1,2
646,100000647,0,1,32,1,33146,1,2
647,100000648,1,1,26,1,64070,1,2
648,100000649,0,0,38,1,29351,1,1
649,100000650,0,0,40,1,17118,0,0
650,100000651,0,0,50,1,25207,2,2
651,100000652,0,0,37,1,21741,0,0
652,100000653,0,0,45,1,29501,1,1
653,100000654,0,0,42,1,27953,2,2
654,100000655,0,0,35,1,27610,1,0
655,100000656,0,0,22,0,28922,1,2
656,100000657,0,0,41,1,20058,0,0
657,100000658,0,0,37,1,46911,1,1
658,100000659,1,1,28,1,34738,1,1
659,100000660,0,0,41,1,40693,1,2
660,100000661,0,1,23,1,27965,1,1
661,100000662,0,1,23,1,22512,1,1
662,100000663,0,0,50,1,121400,1,1
663,100000664,0,0,35,1,137000,2,2
664,100000665,1,1,50,2,26257,0,0
665,100000666,0,0,27,0,43038,2,2
666,100000667,0,0,34,1,42546,1,1
667,100000668,1,1,27,1,30819,1,1
668,100000669,0,0,43,1,35198,1,0
669,100000670,0,0,47,1,36114,1,0
670,100000671,0,0,27,0,26193,0,0
671,100000672,0,0,31,0,38338,1,1
672,100000673,0,0,42,1,27877,2,1
673,100000674,0,1,24,1,32294,1,2
674,100000675,0,0,41,1,28618,0,1
675,100000676,1,1,26,1,40330,2,1
676,100000677,0,0,33,1,33941,1,2
677,100000678,0,1,24,1,79210,1,0
678,100000679,0,0,64,2,51970,0,0
679,100000680,1,1,26,1,25445,1,2
680,100000681,1,1,56,2,31632,1,1
681,100000682,0,0,37,1,27848,1,1
682,100000683,0,1,33,1,25894,1,2
683,100000684,0,1,47,2,37386,1,1
684,100000685,0,0,31,0,42964,0,0
685,100000686,0,0,34,1,37445,1,1
686,100000687,0,0,27,0,28117,1,1
687,100000688,0,0,30,0,33476,1,2
688,100000689,0,0,35,1,31962,1,1
689,100000690,0,0,31,0,40069,1,2
690,100000691,0,1,25,1,23091,1,2
691,100000692,1,1,25,1,26198,0,0
692,100000693,0,0,29,0,33359,1,1
693,100000694,0,0,44,1,27593,0,0
694,100000695,0,0,28,0,26065,1,1
695,100000696,0,0,50,1,34688,1,0
696,100000697,0,0,29,0,25680,1,0
697,100000698,1,1,38,1,11574,0,0
698,100000699,0,0,24,0,24106,1,1
699,100000700,0,0,40,1,39549,2,1
700,100000701,1,1,29,1,24502,0,0
701,100000702,0,0,46,1,39368,1,0
702,100000703,1,1,47,2,37326,1,0
703,100000704,0,0,41,1,34809,1,1
704,100000705,1,1,32,1,31472,1,2
705,100000706,1,1,35,1,43281,1,1
706,100000707,0,0,24,0,82310,1,1
707,100000708,1,1,25,1,31134,1,1
708,100000709,1,1,25,1,26903,1,1
709,100000710,0,0,37,1,22212,0,0
710,100000711,0,0,32,0,37141,2,2
711,100000712,1,1,35,1,26628,1,2
712,100000713,0,0,46,1,37616,2,1
713,100000714,0,0,25,0,15217,0,0
714,100000715,0,0,27,0,31899,2,2
715,100000716,0,0,63,2,45794,1,1
716,100000717,0,0,40,1,30362,1,2
717,100000718,0,0,32,0,32493,2,2
718,100000719,0,0,31,0,33237,1,2
719,100000720,0,1,31,1,42328,1,1
720,100000721,0,0,34,1,36989,2,1
721,100000722,1,1,24,1,34974,1,2
722,100000723,1,1,24,1,17007,0,0
723,100000724,1,1,66,3,33332,0,0
724,100000725,1,1,21,1,27129,1,2
725,100000726,1,1,41,2,112700,0,0
726,100000727,0,1,47,2,27547,0,0
727,100000728,1,1,25,1,26276,1,1
728,100000729,1,1,59,2,46188,1,1
729,100000730,0,1,36,1,81260,1,2
730,100000731,0,0,33,1,39198,1,1
731,100000732,0,0,21,0,16456,0,0
732,100000733,1,1,44,2,22122,0,0
733,100000734,1,1,28,1,38729,1,2
734,100000735,1,1,37,1,32264,1,0
735,100000736,1,1,29,1,19383,0,0
736,100000737,1,1,23,1,29427,2,2
737,100000738,0,0,35,1,28367,0,0
738,100000739,0,0,45,1,47700,2,2
739,100000740,1,1,26,1,30355,0,0
740,100000741,0,0,32,0,30336,1,1
741,100000742,0,0,23,0,16852,0,0
742,100000743,0,0,41,1,30760,1,1
743,100000744,0,0,22,0,32096,1,2
744,100000745,0,0,30,0,31256,2,1
745,100000746,0,0,28,0,17397,0,0
746,100000747,1,1,23,1,27386,1,1
747,100000748,1,1,37,1,39420,0,0
748,100000749,0,0,26,0,32780,1,0
749,100000750,0,0,33,1,28850,1,1
750,100000751,1,1,49,2,27572,1,2
751,100000752,1,1,23,1,16202,0,0
752,100000753,1,1,23,1,21503,0,0
753,100000754,1,1,25,1,35609,1,2
754,100000755,0,0,55,1,39825,1,1
755,100000756,1,1,32,1,26239,1,1
756,100000757,0,0,74,2,22375,0,0
757,100000758,0,0,39,1,30328,1,1
758,100000759,0,0,31,0,24525,1,0
759,100000760,0,0,35,1,23638,1,1
760,100000761,1,1,59,2,40647,1,1
761,100000762,1,1,24,1,26657,1,2
762,100000763,0,0,24,0,70400,0,0
763,100000764,0,0,30,0,29457,2,2
764,100000765,0,1,27,1,30436,1,2
765,100000766,0,1,40,1,42530,0,0
766,100000767,0,1,31,1,21907,0,0
767,100000768,1,1,31,1,29918,1,0
768,100000769,0,0,28,0,63030,1,2
769,100000770,0,0,63,2,24036,0,0
770,100000771,1,1,26,1,28707,1,0
771,100000772,1,1,25,1,97230,2,2
772,100000773,0,0,36,1,37539,2,2
773,100000774,0,0,52,1,34080,1,2
774,100000775,0,0,66,2,27964,0,0
775,100000776,1,1,25,1,25049,1,0
776,100000777,0,0,37,1,30863,1,2
777,100000778,1,1,25,1,30180,1,1
778,100000779,0,0,38,1,26954,2,1
779,100000780,1,1,67,3,41678,1,1
780,100000781,0,0,25,0,136300,1,1
781,100000782,0,0,60,2,41747,1,2
782,100000783,0,0,31,0,19316,0,0
783,100000784,1,1,23,1,21491,0,0
784,100000785,0,1,60,2,26502,2,0
785,100000786,0,0,35,1,31513,0,0
786,100000787,0,0,40,1,36147,1,0
787,100000788,0,0,38,1,29180,1,1
788,100000789,0,0,50,1,42159,1,1
789,100000790,0,0,27,0,34779,1,1
790,100000791,1,1,39,2,29652,1,2
791,100000792,0,0,41,1,45828,2,2
792,100000793,0,1,27,1,24080,1,0
793,100000794,0,1,51,2,37377,1,2
794,100000795,0,0,32,0,35480,1,2
795,100000796,1,1,22,1,30058,1,0
796,100000797,0,0,51,1,43197,1,1
797,100000798,1,1,22,1,33360,0,0
798,100000799,0,1,54,2,28256,1,1
799,100000800,0,0,35,1,12947,0,0
800,100000801,0,0,54,1,29602,1,2
801,100000802,1,1,48,2,25404,0,0
802,100000803,1,1,24,1,31812,1,0
803,100000804,0,0,35,1,24322,1,0
804,100000805,1,1,24,1,26742,0,0
805,100000806,0,0,24,0,42036,1,2
806,100000807,0,1,26,1,17117,0,0
807,100000808,0,0,65,2,60390,1,2
808,100000809,0,0,55,1,28999,2,2
809,100000810,1,1,26,1,13475,0,0
810,100000811,0,1,26,1,25377,1,2
811,100000812,0,1,28,1,17261,0,0
812,100000813,0,0,24,0,42896,1,1
813,100000814,0,0,54,1,33091,1,2
814,100000815,0,0,46,1,33608,1,2
815,100000816,1,1,54,2,47629,1,0
816,100000817,0,1,62,2,38091,1,1
817,100000818,1,1,24,1,25289,1,1
818,100000819,0,1,43,2,34949,2,2
819,100000820,0,1,26,1,24179,1,2
820,100000821,0,1,27,1,23792,1,0
821,100000822,0,1,24,1,32290,1,2
822,100000823,0,0,41,1,29685,1,0
823,100000824,0,0,47,1,18627,0,0
824,100000825,0,1,35,1,39318,2,1
825,100000826,0,1,30,1,25593,1,0
826,100000827,1,1,33,1,32873,1,0
827,100000828,0,0,36,1,32175,1,2
828,100000829,0,0,47,1,44377,1,2
829,100000830,0,0,38,1,40862,1,1
830,100000831,0,0,44,1,144900,1,1
831,100000832,1,1,23,1,24278,1,2
832,100000833,0,0,29,0,49142,1,2
833,100000834,1,1,42,2,39601,1,0
834,100000835,1,1,25,1,24344,0,0
835,100000836,0,0,48,1,27169,1,1
836,100000837,1,1,21,1,23087,1,0
837,100000838,1,1,23,1,15302,0,0
838,100000839,0,0,63,2,34661,1,0
839,100000840,0,1,46,2,31206,1,2
840,100000841,0,0,29,0,33213,1,0
841,100000842,0,0,28,0,20267,0,0
842,100000843,1,1,23,1,26023,1,2
843,100000844,0,0,50,1,28713,1,0
844,100000845,0,0,47,1,32586,1,2
845,100000846,0,0,35,1,33772,1,0
846,100000847,0,0,68,2,44787,1,2
847,100000848,0,1,28,1,24347,1,1
848,100000849,0,0,59,2,60080,1,0
849,100000850,0,0,57,2,20569,0,0
850,100000851,0,1,33,1,27711,1,2
851,100000852,0,0,43,1,33276,1,0
852,100000853,0,0,35,1,25510,1,0
853,100000854,0,0,32,0,17342,0,0
854,100000855,0,0,45,1,25037,1,1
855,100000856,0,1,33,1,29259,1,2
856,100000857,1,1,40,2,26896,1,2
857,100000858,0,0,28,0,28607,1,0
858,100000859,1,1,29,1,32058,1,2
859,100000860,0,0,26,0,64290,1,2
860,100000861,0,0,27,0,44439,1,1
861,100000862,0,1,28,1,26555,1,0
862,100000863,1,1,35,1,29607,1,2
863,100000864,0,0,32,0,34869,0,0
864,100000865,0,0,25,0,17789,0,0
865,100000866,1,1,20,1,32842,1,2
866,100000867,1,1,27,1,27891,1,2
867,100000868,0,0,42,1,31370,1,2
868,100000869,0,0,37,1,40160,1,2
869,100000870,1,1,24,1,23124,1,0
870,100000871,1,1,40,2,49927,1,2
871,100000872,0,0,46,1,31897,1,2
872,100000873,0,0,26,0,26877,1,2
873,100000874,1,1,24,1,23657,1,2
874,100000875,0,0,29,0,21899,0,2
875,100000876,1,1,40,2,40298,1,1
876,100000877,0,0,36,1,34335,2,2
877,100000878,0,0,28,0,29212,1,1
878,100000879,0,0,27,0,31297,2,1
879,100000880,0,0,36,1,76720,1,0
880,100000881,0,0,38,1,48832,2,2
881,100000882,0,1,48,2,47603,1,0
882,100000883,0,0,36,1,29664,1,1
883,100000884,1,1,65,3,17371,0,0
884,100000885,0,1,43,2,36328,1,1
885,100000886,1,1,53,2,29251,1,1
886,100000887,0,0,34,1,30810,1,1
887,100000888,0,0,23,0,29724,1,1
888,100000889,0,0,34,1,45154,2,2
889,100000890,0,0,40,1,41754,1,0
890,100000891,0,0,43,1,36936,2,2
891,100000892,0,0,46,1,28563,1,1
892,100000893,0,0,38,1,20288,0,0
893,100000894,0,0,34,1,37950,1,2
894,100000895,0,0,29,0,23589,1,2
895,100000896,0,0,31,0,25077,2,2
896,100000897,1,1,28,1,36112,2,1
897,100000898,1,1,35,1,37699,1,0
898,100000899,1,1,33,1,21101,0,0
899,100000900,0,0,42,1,33343,1,2
900,100000901,0,0,43,1,29875,1,2
901,100000902,0,1,44,2,32904,1,0
902,100000903,0,0,42,1,48521,1,2
903,100000904,0,1,40,1,27069,1,1
904,100000905,0,0,36,1,32746,2,1
905,100000906,0,0,20,0,29145,2,2
906,100000907,0,0,24,0,21317,0,0
907,100000908,0,1,27,1,32306,1,0
908,100000909,1,1,46,2,27072,0,0
909,100000910,1,1,33,1,25772,0,0
910,100000911,1,1,34,1,34243,1,1
911,100000912,1,1,25,1,27875,0,0
912,100000913,1,1,25,1,31187,1,1
913,100000914,0,1,28,1,36615,1,2
914,100000915,0,0,31,0,28768,1,0
915,100000916,1,1,32,1,38561,2,1
916,100000917,0,0,32,0,31592,1,0
917,100000918,0,0,68,2,35905,2,2
918,100000919,0,1,33,1,31383,1,2
919,100000920,0,0,39,1,38305,2,2
920,100000921,1,1,28,1,26718,1,1
921,100000922,0,0,37,1,33613,2,1
922,100000923,1,1,22,1,24439,1,2
923,100000924,0,0,30,0,28037,1,1
924,100000925,0,1,55,2,43227,1,0
925,100000926,0,0,46,1,25846,1,1
926,100000927,1,1,21,1,23479,1,2
927,100000928,0,0,39,1,47490,1,2
928,100000929,0,0,58,2,31047,1,0
929,100000930,0,0,43,1,19301,0,0
930,100000931,0,0,24,0,16479,0,0
931,100000932,1,1,22,1,27419,1,0
932,100000933,0,0,30,0,23920,1,2
933,100000934,0,0,42,1,31379,1,2
934,100000935,1,1,23,1,24955,1,0
935,100000936,0,0,30,0,38713,2,1
936,100000937,1,1,28,1,21145,0,0
937,100000938,0,1,30,1,145800,2,0
938,100000939,0,0,42,1,40717,1,1
939,100000940,0,0,46,1,48094,2,2
940,100000941,0,0,45,1,39939,2,2
941,100000942,0,0,31,0,17392,0,0
942,100000943,0,0,31,0,23412,1,2
943,100000944,0,0,42,1,19368,0,0
944,100000945,1,1,46,2,60750,1,0
945,100000946,1,1,30,1,25907,1,0
946,100000947,0,0,30,0,35770,1,2
947,100000948,0,0,38,1,73880,2,1
948,100000949,0,1,43,2,20520,0,0
949,100000950,0,0,31,0,33247,1,1
950,100000951,0,1,40,1,19609,0,0
951,100000952,0,0,24,0,24934,1,2
952,100000953,1,1,28,1,41228,1,0
953,100000954,1,1,26,1,27898,2,1
954,100000955,1,1,29,1,108400,1,2
955,100000956,1,1,57,2,48720,2,1
956,100000957,0,0,49,1,30546,0,0
957,100000958,0,0,37,1,19898,0,0
958,100000959,0,0,45,1,26088,0,0
959,100000960,0,0,30,0,33973,1,2
960,100000961,0,1,30,1,25924,1,1
961,100000962,0,1,47,2,33036,1,1
962,100000963,0,0,29,0,29318,1,2
963,100000964,0,0,35,1,34483,1,0
964,100000965,0,1,22,1,15993,0,0
965,100000966,1,1,26,1,28324,1,2
966,100000967,0,0,23,0,54270,0,0
967,100000968,1,1,54,2,43606,2,2
968,100000969,0,1,29,1,38747,1,2
969,100000970,0,0,40,1,24930,0,0
970,100000971,0,0,22,0,28646,1,2
971,100000972,0,0,43,1,33818,0,0
972,100000973,1,1,29,1,20840,0,0
973,100000974,0,0,36,1,39692,1,1
974,100000975,1,1,33,1,30149,1,0
975,100000976,1,1,57,2,69820,0,0
976,100000977,1,1,64,3,33594,1,0
977,100000978,0,0,42,1,31451,1,2
978,100000979,0,0,47,1,22964,0,0
979,100000980,0,1,25,1,58820,1,2
980,100000981,0,0,49,1,47148,1,1
981,100000982,0,0,33,1,40706,2,2
982,100000983,1,1,28,1,44747,2,2
983,100000984,0,0,26,0,39934,1,1
984,100000985,0,0,30,0,36700,0,0
985,100000986,1,1,25,1,25198,1,2
986,100000987,0,1,33,1,41940,1,1
987,100000988,1,1,64,3,36293,1,0
988,100000989,0,0,29,0,44073,2,1
989,100000990,0,0,48,1,23506,0,0
990,100000991,0,0,37,1,46870,0,0
991,100000992,0,0,34,1,21421,0,0
992,100000993,0,1,23,1,17499,0,0
993,100000994,0,0,30,0,37984,2,2
994,100000995,0,0,50,1,30707,1,1
995,100000996,1,1,31,1,19622,0,0
996,100000997,0,1,40,1,40499,2,1
997,100000998,0,0,38,1,24508,1,2
998,100000999,0,0,23,0,48030,1,0
999,100001000,0,0,27,0,36992,1,1
1000,100001001,1,1,63,2,33713,1,1
1001,100001002,0,0,66,2,39394,2,2
1002,100001003,0,1,43,2,25467,2,1
1003,100001004,0,1,44,2,35071,2,2
1004,100001005,0,1,65,3,17371,0,2
1005,100001006,1,1,73,3,26765,2,1
1006,100001007,0,0,60,2,34167,1,1
1007,100001008,0,1,62,2,43584,1,1
1008,100001009,1,1,58,2,31677,1,1
1009,100001010,1,1,43,2,41784,2,2
1010,100001011,0,0,64,2,30523,1,2
1011,100001012,0,1,37,3,42528,2,2
1012,100001013,1,1,46,2,48174,2,1
1013,100001014,0,1,57,2,36049,1,2
1014,100001015,0,1,51,2,33405,1,1
1015,100001016,1,1,32,3,42763,2,2
1016,100001017,0,0,64,2,32623,1,2
1017,100001018,0,0,68,2,33926,1,1
1018,100001019,1,1,55,2,42951,2,2
1019,100001020,0,0,73,2,48041,2,1
1020,100001021,1,1,34,3,33594,1,2
1021,100001022,0,1,44,2,36679,1,1
1022,100001023,0,0,58,2,33484,1,1
1023,100001024,1,1,65,2,35548,0,1
1024,100001025,1,1,56,2,45941,1,1
1025,100001026,1,1,42,2,27333,2,2
1026,100001027,1,1,65,3,36293,1,2
1027,100001028,0,0,72,2,56240,2,2
1028,100001029,1,1,45,2,32829,2,2
1029,100001030,0,0,68,2,35888,2,2
1030,100001031,0,0,60,2,41574,2,1
1031,100001032,1,1,30,3,33332,0,2
1032,100001033,0,0,63,2,32449,1,1
1033,100001034,0,0,57,2,35135,2,1
1034,100001035,1,1,46,2,40169,1,2
1035,100001036,1,1,70,3,41883,1,1
1036,100001037,0,0,65,2,44647,1,2
1037,100001038,0,0,63,2,34132,2,2
1038,100001039,0,1,54,2,37352,1,2
1039,100001040,0,1,49,2,31164,1,2
1040,100001041,1,1,64,2,38411,1,2
1041,100001042,1,1,61,2,38566,2,2
1042,100001043,1,1,57,2,38765,1,2
1043,100001044,1,1,42,2,49913,1,2
1044,100001045,0,0,62,2,31180,1,2
1045,100001046,1,1,41,2,31938,1,2
1046,100001047,1,1,51,2,39398,2,1
1047,100001048,1,1,38,2,33883,1,2
1048,100001049,1,1,56,2,41566,2,2
1049,100001050,1,1,43,2,36814,1,1
1050,100001051,1,1,48,2,40279,1,1
1051,100001052,0,0,61,2,69690,1,1
1052,100001053,0,1,48,2,26721,2,2
1053,100001054,0,0,68,2,31475,1,2
1054,100001055,1,1,62,2,81970,1,1
1055,100001056,1,1,56,2,43344,2,2
1056,100001057,1,1,53,2,31711,1,1
1057,100001058,0,1,33,3,41678,1,2
1058,100001059,1,1,60,2,47291,1,1
1059,100001060,1,1,47,2,40428,1,1
1060,100001061,0,1,25,3,26795,2,2
1061,100001062,0,0,64,2,92340,1,1
1062,100001063,0,0,73,2,26841,2,1
1063,100001064,0,1,66,2,38131,1,1
1064,100001065,1,1,76,3,42591,2,1
1065,100001066,1,1,60,2,48633,2,1
1066,100001067,1,1,57,2,31470,1,2
1067,100001068,0,1,30,3,32810,1,2
1068,100001069,0,1,43,2,79940,2,1
1069,100001070,0,0,57,2,41379,1,2
1070,100001071,0,1,51,2,37413,1,1
1071,100001072,1,1,61,2,33525,1,1
1072,100001073,0,0,64,2,39844,2,2
1073,100001074,0,1,41,2,25684,2,1
1074,100001075,0,1,43,2,35070,2,2
1075,100001076,0,1,67,3,17955,0,2
1076,100001077,1,1,71,3,26446,2,1
1077,100001078,0,0,59,2,34030,1,1
1078,100001079,0,1,60,2,44093,1,1
1079,100001080,1,1,60,2,32067,1,1
1080,100001081,1,1,45,2,84510,2,2
1081,100001082,0,0,63,2,30566,1,2
1082,100001083,0,1,38,3,42331,2,2
1083,100001084,1,1,46,2,96280,2,1
1084,100001085,0,1,55,2,72890,1,2
1085,100001086,0,1,50,2,33844,1,1
1086,100001087,1,1,30,3,42250,2,2
1087,100001088,0,0,63,2,32117,1,2
1088,100001089,0,0,67,2,33891,1,1
1089,100001090,1,1,54,2,42661,2,2
1090,100001091,0,0,71,2,96180,2,1
1091,100001092,1,1,32,3,33308,1,2
1092,100001093,1,1,45,2,32605,2,2
1093,100001094,0,0,65,2,35705,2,2
1094,100001095,0,0,62,2,41204,2,1
1095,100001096,1,1,28,3,32537,0,2
1096,100001097,0,0,65,2,32459,1,1
1097,100001098,0,0,57,2,35205,2,1
1098,100001099,1,1,48,2,39326,1,2
1099,100001100,1,1,71,3,40913,1,1
1100,100001101,0,0,38,1,20599,1,1
1101,100001102,0,1,40,1,26927,1,1
1102,100001103,0,0,49,1,30586,1,1
1103,100001104,0,1,32,1,77770,2,1
1104,100001105,0,0,45,1,31893,1,1
1105,100001106,0,0,40,1,38507,2,1
1106,100001107,0,0,66,2,41232,2,2
1107,100001108,0,0,38,1,30750,1,2
1108,100001109,0,1,20,1,22401,1,1
1109,100001110,0,0,48,1,58860,1,1
1110,100001111,0,1,46,2,42226,2,1
1111,100001112,0,0,32,1,34394,2,2
1112,100001113,0,0,54,1,27818,1,1
1113,100001114,0,1,24,1,23562,2,2
1114,100001115,0,1,27,1,90470,2,1
1115,100001116,0,0,57,1,31258,1,2
1116,100001117,0,0,38,1,34502,2,1
1117,100001118,0,0,40,1,36212,1,1
1118,100001119,0,1,20,1,26817,1,2
1119,100001120,0,0,36,1,28351,2,2
1120,100001121,0,0,47,1,34334,1,2
1121,100001122,0,0,64,2,31279,0,2
1122,100001123,0,0,42,1,39936,2,2
1123,100001124,0,0,44,1,45315,2,2
1124,100001125,0,1,30,1,90500,2,2
1125,100001126,0,0,37,1,25683,1,1
1126,100001127,0,0,42,1,33873,1,2
1127,100001128,0,1,62,2,42261,1,1
1128,100001129,0,0,49,1,44637,1,2
1129,100001130,0,0,52,1,39929,1,2
1130,100001131,0,1,36,1,42529,2,1
1131,100001132,0,0,49,1,35971,0,1
1132,100001133,0,0,42,1,32541,2,2
1133,100001134,0,0,38,1,28619,1,1
1134,100001135,0,0,50,1,31535,1,1
1135,100001136,0,1,34,1,32413,2,2
1136,100001137,0,0,43,1,30800,1,2
1137,100001138,0,0,40,1,40131,1,1
1138,100001139,0,0,56,2,31726,1,1
1139,100001140,0,0,41,1,35998,2,2
1140,100001141,0,1,30,1,30879,2,2
1141,100001142,0,1,28,1,32263,1,2
1142,100001143,0,0,64,2,34078,0,2
1143,100001144,0,0,67,2,28121,1,2
1144,100001145,0,0,37,1,76200,2,1
1145,100001146,0,0,31,1,39363,2,1
1146,100001147,0,0,32,1,35717,2,2
1147,100001148,0,1,52,2,34307,1,2
1148,100001149,0,1,31,1,26101,1,1
1149,100001150,0,0,36,1,36346,2,1
1150,100001151,0,1,32,1,36629,2,1
1151,100001152,0,0,51,1,31556,1,2
1152,100001153,0,0,47,1,28056,2,1
1153,100001154,0,1,34,1,27536,1,2
1154,100001155,0,1,46,2,37354,1,1
1155,100001156,0,1,42,1,44161,1,1
1156,100001157,0,0,39,1,22754,2,1
1157,100001158,0,0,50,1,42394,1,2
1158,100001159,0,0,42,1,35576,1,2
1159,100001160,0,1,36,1,32650,1,1
1160,100001161,0,1,18,1,24748,1,1
1161,100001162,0,0,35,1,45481,2,2
1162,100001163,0,0,38,1,38216,1,2
1163,100001164,0,0,39,1,33959,2,2
1164,100001165,0,1,24,1,30439,0,2
1165,100001166,0,0,41,1,45568,1,1
1166,100001167,0,0,36,1,74520,2,2
1167,100001168,0,0,37,1,38549,2,2
1168,100001169,0,1,45,2,33833,1,1
1169,100001170,0,0,41,1,134200,2,2
1170,100001171,0,0,36,1,44292,2,2
1171,100001172,0,0,38,1,28991,0,2
1172,100001173,0,0,38,1,34217,0,1
1173,100001174,0,1,53,2,39889,2,2
1174,100001175,0,0,35,1,28469,1,2
1175,100001176,0,0,48,1,42800,2,2
1176,100001177,0,0,36,1,51090,1,2
1177,100001178,0,1,22,1,29211,2,1
1178,100001179,0,0,35,1,34961,2,2
1179,100001180,0,0,42,1,39107,0,1
1180,100001181,0,0,39,1,29034,0,1
1181,100001182,0,0,31,1,71540,1,1
1182,100001183,0,0,33,1,38967,2,2
1183,100001184,0,1,31,1,26731,0,1
1184,100001185,0,0,42,1,25533,1,1
1185,100001186,0,0,61,2,36306,0,1
1186,100001187,0,0,38,1,159500,2,2
1187,100001188,0,0,33,1,24624,0,1
1188,100001189,0,0,48,1,39928,1,2
1189,100001190,0,0,31,1,30463,0,1
1190,100001191,0,0,52,1,35317,2,2
1191,100001192,0,1,27,1,30803,1,2
1192,100001193,0,0,40,1,35930,2,1
1193,100001194,0,0,34,1,28134,0,1
1194,100001195,0,1,26,1,24483,2,2
1195,100001196,0,0,30,1,38500,0,1
1196,100001197,0,0,53,1,44294,1,1
1197,100001198,0,0,45,1,32013,1,2
1198,100001199,0,0,32,1,28654,2,1
1199,100001200,0,0,35,1,45705,2,2
1200,100001201,0,1,26,1,44303,1,2
1201,100001202,0,0,30,1,27732,1,1
1202,100001203,0,0,37,1,55910,1,1
1203,100001204,0,0,32,1,24326,2,1
1204,100001205,0,1,40,1,39307,1,1
1205,100001206,0,0,44,1,31726,0,2
1206,100001207,0,0,43,1,33310,1,2
1207,100001208,0,0,51,1,28062,1,1
1208,100001209,0,0,37,1,26087,0,1
1209,100001210,0,0,33,1,75710,1,2
1210,100001211,0,1,32,1,89040,2,1
1211,100001212,0,0,35,1,55090,0,2
1212,100001213,0,1,30,1,28253,1,1
1213,100001214,0,1,35,1,38646,2,2
1214,100001215,0,0,40,1,36176,2,1
1215,100001216,0,0,37,1,35408,2,2
1216,100001217,0,0,37,1,26263,1,2
1217,100001218,0,0,37,1,31149,1,2
1218,100001219,0,0,53,1,40041,2,1
1219,100001220,0,0,34,1,37938,2,1
1220,100001221,0,0,51,1,38887,1,1
1221,100001222,0,1,26,1,23746,1,2
1222,100001223,0,0,34,1,175800,0,1
1223,100001224,0,0,51,1,31561,2,1
1224,100001225,0,0,33,1,58130,1,2
1225,100001226,0,1,32,1,29449,0,2
1226,100001227,0,0,39,1,28840,1,1
1227,100001228,0,0,53,1,42269,1,1
1228,100001229,0,0,34,1,24368,2,2
1229,100001230,0,0,37,1,70170,1,2
1230,100001231,0,1,28,1,28625,1,1
1231,100001232,0,1,25,1,25734,1,2
1232,100001233,0,0,36,1,75890,2,2
1233,100001234,0,1,36,1,30783,1,2
1234,100001235,0,0,35,1,29719,1,2
1235,100001236,0,1,21,1,39670,1,1
1236,100001237,0,1,29,1,26878,1,2
1237,100001238,0,0,60,2,48469,1,1
1238,100001239,0,0,45,1,33760,1,1
1239,100001240,0,1,56,2,27139,0,1
1240,100001241,0,1,30,1,30259,1,2
1241,100001242,0,0,52,1,37986,2,2
1242,100001243,0,1,26,1,59410,1,1
1243,100001244,0,0,43,1,30379,1,1
1244,100001245,0,0,34,1,28393,1,1
1245,100001246,0,1,22,1,32792,1,2
1246,100001247,0,0,42,1,23107,0,1
1247,100001248,0,0,38,1,31138,0,1
1248,100001249,0,1,29,1,28997,1,2
1249,100001250,0,0,44,1,53650,1,2
1250,100001251,0,1,29,1,25941,2,1
1251,100001252,0,0,44,1,35373,1,2
1252,100001253,0,0,38,1,38584,1,2
1253,100001254,0,1,26,1,28092,0,1
1254,100001255,0,0,53,1,39548,1,1
1255,100001256,0,0,43,1,35933,1,1
1256,100001257,0,0,33,1,30472,1,1
1257,100001258,0,0,52,1,31902,0,1
1258,100001259,0,1,26,1,23662,0,2
1259,100001260,0,0,38,1,43876,2,1
1260,100001261,0,0,47,1,41373,1,2
1261,100001262,0,1,26,1,30097,1,1
1262,100001263,0,1,36,1,82670,1,1
1263,100001264,0,0,36,1,29951,1,1
1264,100001265,0,0,57,2,38586,2,1
1265,100001266,0,1,31,1,26566,2,2
1266,100001267,0,0,45,1,34032,1,1
1267,100001268,0,0,40,1,37978,2,1
1268,100001269,0,1,21,1,30368,1,1
1269,100001270,0,0,46,1,31786,1,2
1270,100001271,0,0,35,1,31346,1,2
1271,100001272,0,1,31,1,34872,0,2
1272,100001273,0,0,51,1,31247,1,2
1273,100001274,0,1,21,1,25367,2,1
1274,100001275,0,0,48,1,38927,1,1
1275,100001276,0,0,48,1,35586,1,2
1276,100001277,0,0,68,2,37168,0,1
1277,100001278,0,1,45,2,29121,1,2
1278,100001279,0,0,35,1,37559,2,2
1279,100001280,0,1,22,1,25068,1,2
1280,100001281,0,0,44,1,30573,0,1
1281,100001282,0,0,52,1,39804,1,1
1282,100001283,0,0,48,1,32520,1,2
1283,100001284,0,0,33,1,34886,1,2
1284,100001285,0,1,35,1,30723,1,1
1285,100001286,0,1,64,2,38637,1,1
1286,100001287,0,0,58,1,37328,0,2
1287,100001288,0,1,24,1,59050,0,2
1288,100001289,0,0,40,1,28957,0,2
1289,100001290,0,0,49,1,29642,2,2
1290,100001291,0,0,31,1,34726,1,2
1291,100001292,0,0,46,1,49260,1,2
1292,100001293,0,0,46,1,26644,1,1
1293,100001294,0,0,49,1,30398,1,1
1294,100001295,0,0,29,1,33901,0,1
1295,100001296,0,0,37,1,28638,1,2
1296,100001297,0,0,33,1,37834,2,1
1297,100001298,0,0,71,2,42596,1,2
1298,100001299,0,0,35,1,29572,1,2
1299,100001300,0,0,40,1,27498,1,2
1300,100001301,1,0,27,1,22663,0,0
1301,100001302,1,0,61,2,28322,0,0
1302,100001303,1,1,29,1,25023,1,1
1303,100001304,1,0,33,1,27372,1,0
1304,100001305,1,0,56,2,34856,0,0
1305,100001306,1,1,27,1,30852,1,1
1306,100001307,1,1,22,1,34481,1,0
1307,100001308,1,1,19,1,24779,1,0
1308,100001309,1,1,28,1,22771,1,1
1309,100001310,1,1,24,1,27534,1,1
1310,100001311,1,1,27,1,33520,0,0
1311,100001312,1,1,30,1,31824,1,1
1312,100001313,1,0,26,1,21138,0,0
1313,100001314,1,1,26,1,30973,1,0
1314,100001315,1,1,23,1,23581,1,1
1315,100001316,1,1,28,1,24015,1,0
1316,100001317,1,1,67,3,36210,1,0
1317,100001318,1,1,27,1,26871,1,1
1318,100001319,1,1,32,1,24643,1,0
1319,100001320,1,0,24,1,26865,0,0
1320,100001321,1,1,28,1,28952,1,1
1321,100001322,1,0,48,2,29687,0,0
1322,100001323,1,1,32,1,34778,1,1
1323,100001324,1,1,25,1,23518,1,0
1324,100001325,1,1,57,2,15500,0,0
1325,100001326,1,1,28,1,31815,1,0
1326,100001327,1,1,24,1,30711,1,1
1327,100001328,1,1,25,1,15476,0,0
1328,100001329,1,0,31,1,22321,0,0
1329,100001330,1,0,33,1,25924,1,1
1330,100001331,1,1,50,2,36900,1,0
1331,100001332,1,1,58,2,34807,0,1
1332,100001333,1,1,27,1,26983,0,0
1333,100001334,1,1,48,2,29058,0,0
1334,100001335,1,1,22,1,21493,0,0
1335,100001336,1,1,40,1,62000,0,0
1336,100001337,1,1,32,1,30357,1,0
1337,100001338,1,0,25,1,23308,0,0
1338,100001339,1,1,27,1,16991,0,0
1339,100001340,1,1,27,1,44000,0,0
1340,100001341,1,1,23,1,32278,1,0
1341,100001342,1,1,32,1,27331,1,1
1342,100001343,1,1,25,1,28196,1,1
1343,100001344,1,1,46,2,34183,0,0
1344,100001345,1,1,21,1,26944,1,1
1345,100001346,1,1,29,1,25881,1,0
1346,100001347,1,1,31,1,23292,0,0
1347,100001348,1,0,26,1,26639,0,0
1348,100001349,1,1,23,1,28182,1,1
1349,100001350,1,0,38,1,25713,1,1
1350,100001351,1,0,35,1,42690,0,0
1351,100001352,1,1,27,1,25190,1,1
1352,100001353,1,1,22,1,32861,1,1
1353,100001354,1,1,52,2,30798,1,0
1354,100001355,1,1,19,1,24879,1,1
1355,100001356,1,1,23,1,28213,1,0
1356,100001357,1,0,42,1,27627,1,0
1357,100001358,1,1,27,1,26611,1,1
1358,100001359,1,1,39,2,22416,0,0
1359,100001360,1,1,50,2,32058,1,1
1360,100001361,1,1,36,1,33403,1,0
1361,100001362,1,1,25,1,28958,1,1
1362,100001363,1,1,27,1,32780,0,0
1363,100001364,1,1,30,1,29660,1,0
1364,100001365,1,0,22,1,15908,0,0
1365,100001366,1,1,27,1,30662,1,1
1366,100001367,1,0,31,1,71660,2,1
1367,100001368,1,1,29,1,24889,1,0
1368,100001369,1,0,34,1,18380,0,0
1369,100001370,1,0,33,1,17983,0,0
1370,100001371,1,1,26,1,28744,1,0
1371,100001372,1,1,36,1,36922,1,1
1372,100001373,1,1,26,1,13574,0,0
1373,100001374,1,1,39,1,20003,0,0
1374,100001375,1,1,44,2,19471,0,0
1375,100001376,1,1,46,2,24629,0,0
1376,100001377,1,1,31,1,25753,0,0
1377,100001378,1,0,26,1,30344,1,0
1378,100001379,1,1,22,1,22839,1,1
1379,100001380,1,0,48,2,26208,0,0
1380,100001381,1,1,27,1,25302,1,0
1381,100001382,1,0,30,1,14551,0,0
1382,100001383,1,1,27,1,29177,1,1
1383,100001384,1,1,36,1,26867,1,1
1384,100001385,1,1,31,1,32123,1,0
1385,100001386,1,0,21,1,31117,1,0
1386,100001387,1,1,26,1,26730,1,1
1387,100001388,1,0,24,1,26072,1,0
1388,100001389,1,1,29,1,24551,1,0
1389,100001390,1,1,32,1,31767,1,0
1390,100001391,1,1,45,2,21278,0,0
1391,100001392,1,1,58,2,26003,0,0
1392,100001393,1,1,25,1,22465,1,0
1393,100001394,1,1,67,3,135300,1,0
1394,100001395,1,1,53,2,53930,0,0
1395,100001396,1,1,24,1,30998,1,0
1396,100001397,1,0,20,1,22817,0,0
1397,100001398,1,1,71,3,33311,0,0
1398,100001399,1,1,31,1,29648,1,1
1399,100001400,1,1,27,1,10151,0,0
1400,100001401,1,1,36,1,32326,0,0
1401,100001402,1,1,25,1,28279,1,0
1402,100001403,1,0,41,1,33282,1,0
1403,100001404,1,1,30,1,26719,1,1
1404,100001405,1,1,32,1,32717,1,1
1405,100001406,1,1,29,1,62810,0,0
1406,100001407,1,0,27,1,19730,0,0
1407,100001408,1,1,32,1,30995,1,0
1408,100001409,1,1,25,1,18796,0,0
1409,100001410,1,0,24,1,27423,1,0
1410,100001411,1,1,63,2,21568,0,0
1411,100001412,1,0,42,2,28297,0,0
1412,100001413,1,1,22,1,27318,0,0
1413,100001414,1,1,46,2,35872,1,1
1414,100001415,1,1,24,1,24892,1,1
1415,100001416,1,0,30,1,34867,1,1
1416,100001417,1,1,44,2,27156,0,0
1417,100001418,1,0,25,1,26588,1,0
1418,100001419,1,1,27,1,24238,1,0
1419,100001420,1,1,27,1,35375,1,1
1420,100001421,1,1,34,1,55210,1,1
1421,100001422,1,1,18,1,48870,1,1
1422,100001423,1,1,25,1,24895,1,1
1423,100001424,1,1,21,1,15924,0,0
1424,100001425,1,1,26,1,29172,1,1
1425,100001426,1,1,27,1,32885,2,1
1426,100001427,1,0,25,1,34013,1,1
1427,100001428,1,1,30,1,25048,1,1
1428,100001429,1,0,66,3,65500,1,0
1429,100001430,1,1,25,1,26015,1,1
1430,100001431,1,1,43,2,34422,1,0
1431,100001432,1,1,35,1,34426,1,1
1432,100001433,1,0,70,3,17478,0,0
1433,100001434,1,0,35,1,17182,0,0
1434,100001435,1,1,26,1,26431,1,0
1435,100001436,1,0,29,1,19519,0,0
1436,100001437,1,1,22,1,27708,0,0
1437,100001438,1,0,26,1,28882,1,1
1438,100001439,1,1,36,1,23180,0,0
1439,100001440,1,1,35,1,26877,1,1
1440,100001441,1,1,28,1,29190,1,1
1441,100001442,1,1,24,1,25183,1,0
1442,100001443,1,1,34,1,23163,0,0
1443,100001444,1,1,25,1,26746,1,0
1444,100001445,1,1,54,2,12970,0,0
1445,100001446,1,0,46,2,26187,0,0
1446,100001447,1,1,42,1,12736,0,0
1447,100001448,1,0,45,2,31746,0,0
1448,100001449,1,0,48,2,27555,0,0
1449,100001450,1,0,21,1,25147,0,0
1450,100001451,1,1,31,1,30814,1,0
1451,100001452,1,0,35,1,34434,1,1
1452,100001453,1,1,36,1,55110,1,1
1453,100001454,1,1,32,1,24925,0,0
1454,100001455,1,1,26,1,26666,0,0
1455,100001456,1,1,34,1,35829,1,0
1456,100001457,1,1,65,2,33889,1,1
1457,100001458,1,1,50,2,23347,0,0
1458,100001459,1,1,39,1,24394,1,0
1459,100001460,1,0,52,2,31049,0,0
1460,100001461,1,1,36,1,20284,0,0
1461,100001462,1,1,29,1,29859,1,0
1462,100001463,1,1,36,1,36307,1,1
1463,100001464,1,1,36,1,21405,0,0
1464,100001465,1,1,27,1,36343,1,1
1465,100001466,1,1,36,1,33974,2,1
1466,100001467,1,1,26,1,26617,1,1
1467,100001468,1,0,57,2,28333,1,1
1468,100001469,1,0,27,1,50280,0,0
1469,100001470,1,1,58,2,27110,0,0
1470,100001471,1,1,27,1,16118,0,0
1471,100001472,1,1,49,2,30051,1,0
1472,100001473,1,1,43,2,50840,1,0
1473,100001474,1,0,45,2,23085,0,0
1474,100001475,1,1,27,1,24652,0,0
1475,100001476,1,1,34,1,24403,1,1
1476,100001477,1,1,21,1,20574,0,0
1477,100001478,1,1,54,2,31325,1,1
1478,100001479,1,1,43,2,27181,0,0
1479,100001480,1,0,25,1,21392,0,0
1480,100001481,1,0,57,2,27593,0,0
1481,100001482,1,1,26,1,25127,1,1
1482,100001483,1,0,30,1,27613,1,0
1483,100001484,1,0,58,2,35498,0,0
1484,100001485,1,1,25,1,30447,1,1
1485,100001486,1,1,23,1,34741,1,0
1486,100001487,1,0,22,1,26307,1,0
1487,100001488,1,1,21,1,22664,1,1
1488,100001489,1,1,20,1,28861,1,1
1489,100001490,1,1,22,1,14988,0,0
1490,100001491,1,0,27,1,31567,1,1
1491,100001492,1,0,24,1,20207,0,0
1492,100001493,1,1,23,1,30906,1,0
1493,100001494,1,1,26,1,25635,1,1
1494,100001495,1,0,28,1,25487,1,0
1495,100001496,1,1,64,3,71140,1,0
1496,100001497,1,1,26,1,26358,1,1
1497,100001498,1,1,31,1,26528,1,0
1498,100001499,1,0,28,1,27764,0,0
1499,100001500,1,1,25,1,29439,1,1
1500,100001501,1,0,49,2,29599,0,0
1501,100001502,1,1,33,1,68130,1,1
1502,100001503,1,0,27,1,24298,1,0
1503,100001504,1,1,59,2,31050,0,0
1504,100001505,1,1,28,1,30874,1,0
1505,100001506,1,1,24,1,30081,1,1
1506,100001507,1,1,26,1,16661,0,0
1507,100001508,1,0,33,1,20857,0,0
1508,100001509,1,0,37,1,26884,1,1
1509,100001510,1,1,46,2,76940,1,0
1510,100001511,1,1,62,2,35044,0,1
1511,100001512,1,0,26,1,25100,0,0
1512,100001513,1,1,49,2,30539,0,0
1513,100001514,1,1,25,1,22332,0,0
1514,100001515,1,1,37,1,31339,0,0
1515,100001516,1,0,31,1,31027,1,0
1516,100001517,1,0,25,1,23381,0,0
1517,100001518,1,1,21,1,17542,0,0
1518,100001519,1,1,27,1,20589,0,0
1519,100001520,1,1,29,1,31686,1,0
1520,100001521,1,1,30,1,25831,1,1
1521,100001522,1,1,26,1,29012,1,1
1522,100001523,1,1,40,2,34278,0,0
1523,100001524,1,1,23,1,26341,1,1
1524,100001525,1,1,31,1,23977,1,0
1525,100001526,1,1,29,1,22167,0,0
1526,100001527,1,0,22,1,25944,0,0
1527,100001528,1,1,26,1,27216,1,1
1528,100001529,1,0,39,1,26509,1,1
1529,100001530,1,0,35,1,21212,0,0
1530,100001531,1,1,26,1,23937,1,1
1531,100001532,1,1,28,1,33404,1,1
1532,100001533,1,1,56,2,33188,1,0
1533,100001534,1,1,22,1,23928,1,1
1534,100001535,1,1,26,1,27265,1,0
1535,100001536,1,0,41,1,56760,1,0
1536,100001537,1,1,29,1,54690,1,1
1537,100001538,1,1,42,2,20639,0,0
1538,100001539,1,1,50,2,31194,1,1
1539,100001540,1,1,33,1,33385,1,0
1540,100001541,1,1,28,1,29123,1,1
1541,100001542,1,1,27,1,17208,0,0
1542,100001543,1,1,27,1,31005,1,0
1543,100001544,1,0,28,1,15970,0,0
1544,100001545,1,1,24,1,30623,1,1
1545,100001546,1,0,28,1,35363,2,1
1546,100001547,1,1,32,1,24831,1,0
1547,100001548,1,0,32,1,11397,0,0
1548,100001549,1,0,30,1,17791,0,0
1549,100001550,1,1,29,1,27998,1,0
1550,100001551,1,1,37,1,72570,1,1
1551,100001552,1,1,24,1,12418,0,0
1552,100001553,1,1,36,1,18884,0,0
1553,100001554,1,1,40,2,43360,0,0
1554,100001555,1,1,51,2,24432,0,0
1555,100001556,1,1,33,1,26702,0,0
1556,100001557,1,0,31,1,29492,1,0
1557,100001558,1,1,29,1,24432,1,1
1558,100001559,1,0,48,2,27299,0,0
1559,100001560,1,1,25,1,23726,1,0
1560,100001561,1,0,28,1,28740,0,0
1561,100001562,1,1,23,1,27293,1,1
1562,100001563,1,1,32,1,27793,1,1
1563,100001564,1,1,34,1,31813,1,0
1564,100001565,1,0,23,1,28874,1,0
1565,100001566,1,1,25,1,27374,1,1
1566,100001567,1,0,25,1,26174,1,0
1567,100001568,1,1,27,1,26116,1,0
1568,100001569,1,1,29,1,30039,1,0
1569,100001570,1,1,46,2,81200,0,0
1570,100001571,1,1,61,2,24389,0,0
1571,100001572,1,1,25,1,23978,1,0
1572,100001573,1,1,67,3,32013,1,0
1573,100001574,1,1,49,2,25433,0,0
1574,100001575,1,1,21,1,31502,1,0
1575,100001576,1,0,19,1,22808,0,0
1576,100001577,1,1,67,3,32085,0,0
1577,100001578,1,1,31,1,55020,1,1
1578,100001579,1,1,27,1,9561,0,0
1579,100001580,1,1,37,1,32256,0,0
1580,100001581,1,1,27,1,28756,1,0
1581,100001582,1,0,36,1,32580,1,0
1582,100001583,1,1,24,1,51590,1,1
1583,100001584,1,1,31,1,34576,1,1
1584,100001585,1,1,29,1,30641,0,0
1585,100001586,1,0,28,1,20587,0,0
1586,100001587,1,1,34,1,31337,1,0
1587,100001588,1,1,26,1,41470,0,0
1588,100001589,1,0,21,1,27007,1,0
1589,100001590,1,1,63,2,20683,0,0
1590,100001591,1,0,38,2,29204,0,0
1591,100001592,1,1,20,1,28368,0,0
1592,100001593,1,1,44,2,35835,1,1
1593,100001594,1,1,31,1,26018,1,1
1594,100001595,1,0,33,1,34631,1,1
1595,100001596,1,1,49,2,53480,0,0
1596,100001597,1,0,26,1,27080,1,0
1597,100001598,1,1,28,1,23946,1,0
1598,100001599,1,1,30,1,35168,1,1
1599,100001600,1,1,36,1,26058,1,1
1600,100001601,1,1,27,1,27020,0,0
1601,100001602,0,0,23,0,53980,0,0
1602,100001603,0,0,31,0,28439,1,0
1603,100001604,1,1,27,1,23721,1,0
1604,100001605,1,1,25,1,63020,1,0
1605,100001606,1,1,23,1,16238,0,0
1606,100001607,0,1,27,1,16691,0,0
1607,100001608,1,0,38,1,33930,0,0
1608,100001609,0,0,44,1,28379,0,0
1609,100001610,1,1,42,1,11527,0,0
1610,100001611,1,1,25,1,25912,0,0
1611,100001612,0,1,40,1,18760,0,0
1612,100001613,1,1,24,1,29118,0,0
1613,100001614,1,0,39,1,24153,0,0
1614,100001615,0,0,24,0,16611,0,0
1615,100001616,1,0,50,1,29767,1,0
1616,100001617,1,1,28,1,30743,0,0
1617,100001618,1,1,36,1,20402,0,0
1618,100001619,0,0,36,1,26379,1,0
1619,100001620,1,1,40,1,21662,0,0
1620,100001621,1,0,31,0,19096,0,0
1621,100001622,0,1,27,1,16784,0,0
1622,100001623,1,1,35,1,23288,0,0
1623,100001624,0,0,51,1,31045,0,0
1624,100001625,1,0,26,0,32430,0,0
1625,100001626,0,0,33,1,21808,0,0
1626,100001627,1,1,27,1,23076,0,0
1627,100001628,0,0,38,1,21063,0,0
1628,100001629,1,0,30,0,26674,1,0
1629,100001630,0,0,28,0,28303,1,0
1630,100001631,0,0,23,0,17769,0,0
1631,100001632,1,1,23,1,28567,0,0
1632,100001633,1,1,26,1,31384,1,0
1633,100001634,1,1,21,1,23110,0,0
1634,100001635,1,0,36,1,18824,0,0
1635,100001636,1,1,24,1,16426,0,0
1636,100001637,0,0,41,1,30096,1,0
1637,100001638,0,0,42,1,30236,1,0
1638,100001639,0,0,27,0,18316,0,0
1639,100001640,0,1,40,1,38740,0,0
1640,100001641,1,1,34,1,22820,0,0
1641,100001642,0,0,40,1,26101,0,0
1642,100001643,0,0,33,1,24911,1,0
1643,100001644,1,0,49,1,24447,0,0
1644,100001645,0,0,28,0,20469,0,0
1645,100001646,1,1,26,1,26977,1,0
1646,100001647,1,0,40,1,24652,0,0
1647,100001648,0,0,47,1,23807,0,0
1648,100001649,1,1,41,1,32040,1,0
1649,100001650,1,1,29,1,23581,0,0
1650,100001651,1,1,37,1,22703,0,0
1651,100001652,0,0,31,0,30179,1,0
1652,100001653,0,0,35,1,27539,1,0
1653,100001654,0,0,35,1,31122,1,0
1654,100001655,1,1,29,1,37580,0,0
1655,100001656,1,0,37,1,31801,1,0
1656,100001657,0,0,37,1,41830,0,0
1657,100001658,1,1,26,1,87400,0,0
1658,100001659,1,1,28,1,19735,0,0
1659,100001660,1,1,23,1,22113,0,0
1660,100001661,0,0,38,1,26032,1,0
1661,100001662,1,1,30,1,25078,1,0
1662,100001663,1,0,45,1,26846,1,0
1663,100001664,0,0,24,0,21088,0,0
1664,100001665,1,0,35,1,28180,1,0
1665,100001666,1,1,41,1,28973,1,0
1666,100001667,0,1,30,1,26649,1,0
1667,100001668,1,1,30,1,30331,1,0
1668,100001669,1,1,26,1,23139,0,0
1669,100001670,1,1,25,1,21884,0,0
1670,100001671,1,1,23,1,17642,0,0
1671,100001672,1,1,27,1,21323,0,0
1672,100001673,1,0,26,0,17726,0,0
1673,100001674,0,0,25,0,25929,0,0
1674,100001675,0,1,27,1,23736,1,0
1675,100001676,1,0,42,1,20029,0,0
1676,100001677,0,0,35,1,21623,0,0
1677,100001678,1,1,25,1,22168,0,0
1678,100001679,1,1,26,1,20746,0,0
1679,100001680,0,0,38,1,128100,1,0
1680,100001681,1,0,28,0,18217,0,0
1681,100001682,0,1,33,1,28056,1,0
1682,100001683,1,0,40,1,23668,0,0
1683,100001684,1,1,23,1,25250,1,0
1684,100001685,1,0,25,0,28231,1,0
1685,100001686,1,0,28,0,27161,0,0
1686,100001687,0,0,41,1,17353,0,0
1687,100001688,1,0,50,1,28051,0,0
1688,100001689,1,1,23,1,109700,1,0
1689,100001690,1,1,26,1,26121,1,0
1690,100001691,1,1,22,1,15309,0,0
1691,100001692,0,0,37,1,29900,0,0
1692,100001693,1,0,38,1,20253,0,0
1693,100001694,1,1,22,1,17041,0,0
1694,100001695,1,0,30,0,22163,0,0
1695,100001696,0,0,38,1,18926,0,0
1696,100001697,1,1,36,1,26047,1,0
1697,100001698,0,0,41,1,17900,0,0
1698,100001699,1,1,29,1,30478,1,0
1699,100001700,1,1,31,1,26659,1,0
1700,100001701,1,0,31,0,99800,1,0
1701,100001702,1,0,21,0,16907,0,0
1702,100001703,0,0,32,0,30088,1,0
1703,100001704,1,1,35,1,30527,1,0
1704,100001705,0,0,29,0,22292,0,0
1705,100001706,1,0,34,1,27298,1,0
1706,100001707,1,0,38,1,23098,0,0
1707,100001708,1,1,33,1,10951,0,0
1708,100001709,1,1,28,1,17097,0,0
1709,100001710,1,1,28,1,56260,1,0
1710,100001711,0,0,21,0,14813,0,0
1711,100001712,1,1,29,1,24653,0,0
1712,100001713,1,1,26,1,17662,0,0
1713,100001714,1,0,40,1,23807,0,0
1714,100001715,1,0,25,0,11716,0,0
1715,100001716,0,1,20,1,25422,1,0
1716,100001717,1,1,23,1,15654,0,0
1717,100001718,1,0,27,0,25632,1,0
1718,100001719,1,0,36,1,25184,1,0
1719,100001720,1,1,25,1,53660,1,0
1720,100001721,1,1,25,1,28219,0,0
1721,100001722,1,1,34,1,31343,0,0
1722,100001723,1,0,24,0,17354,0,0
1723,100001724,1,0,36,1,31189,1,0
1724,100001725,1,0,40,1,19769,0,0
1725,100001726,0,0,39,1,21194,0,0
1726,100001727,1,0,42,1,19348,0,0
1727,100001728,0,0,35,1,28296,0,0
1728,100001729,1,1,27,1,99100,1,0
1729,100001730,0,0,27,0,16238,0,0
1730,100001731,1,1,23,1,25811,1,0
1731,100001732,1,1,32,1,31243,1,0
1732,100001733,0,1,28,1,33395,1,0
1733,100001734,0,0,22,0,25879,1,0
1734,100001735,0,0,31,0,29453,1,0
1735,100001736,1,1,22,1,29975,1,0
1736,100001737,0,0,23,0,17695,0,0
1737,100001738,1,1,35,1,31367,0,0
1738,100001739,1,1,26,1,27445,0,0
1739,100001740,1,1,28,1,19580,0,0
1740,100001741,0,0,54,1,31379,1,0
1741,100001742,1,0,49,1,25615,0,0
1742,100001743,1,0,38,1,22327,0,0
1743,100001744,1,0,47,1,27571,1,0
1744,100001745,1,0,49,1,30597,0,0
1745,100001746,1,1,30,1,29099,1,0
1746,100001747,1,0,32,0,20476,0,0
1747,100001748,1,1,24,1,24477,0,0
1748,100001749,1,0,25,0,17012,0,0
1749,100001750,0,0,33,1,20603,0,0
1750,100001751,1,1,34,1,30772,1,0
1751,100001752,1,1,24,1,16634,0,0
1752,100001753,1,0,36,1,31981,0,0
1753,100001754,1,0,41,1,19740,0,0
1754,100001755,0,1,33,1,27173,1,0
1755,100001756,1,1,26,1,25223,1,0
1756,100001757,1,0,36,1,59780,1,0
1757,100001758,1,0,35,1,29044,0,0
1758,100001759,0,0,29,0,27963,1,0
1759,100001760,1,1,26,1,17457,0,0
1760,100001761,0,0,31,0,17343,0,0
1761,100001762,0,1,26,1,17827,0,0
1762,100001763,0,0,47,1,18478,0,0
1763,100001764,0,1,20,1,23873,1,0
1764,100001765,0,0,45,1,27332,0,0
1765,100001766,0,0,36,1,29006,1,0
1766,100001767,0,1,31,1,20496,0,0
1767,100001768,1,0,41,1,41740,0,0
1768,100001769,1,0,31,0,36180,0,0
1769,100001770,1,1,27,1,26656,0,0
1770,100001771,1,1,32,1,30926,1,0
1771,100001772,1,0,43,1,19838,0,0
1772,100001773,1,0,32,0,17086,0,0
1773,100001774,1,1,29,1,28958,1,0
1774,100001775,0,0,37,1,22486,0,0
1775,100001776,1,0,35,1,21579,0,0
1776,100001777,1,1,23,1,17740,0,0
1777,100001778,0,0,40,1,53060,1,0
1778,100001779,1,1,26,1,24464,1,0
1779,100001780,0,0,28,0,15456,0,0
1780,100001781,1,1,40,1,25976,1,0
1781,100001782,1,1,26,1,24988,0,0
1782,100001783,1,1,23,1,28353,1,0
1783,100001784,0,0,26,0,26772,0,0
1784,100001785,0,0,26,0,31195,1,0
1785,100001786,1,0,49,1,46140,0,0
1786,100001787,1,1,26,1,24054,1,0
1787,100001788,1,0,35,1,43110,0,0
1788,100001789,1,1,24,1,20240,0,0
1789,100001790,1,0,46,1,19688,0,0
1790,100001791,0,0,26,0,15006,0,0
1791,100001792,0,0,47,1,22039,0,0
1792,100001793,0,0,27,0,29940,0,0
1793,100001794,0,1,41,1,28204,1,0
1794,100001795,1,1,29,1,25562,1,0
1795,100001796,1,1,28,1,19490,0,0
1796,100001797,1,1,33,1,20451,0,0
1797,100001798,1,0,50,1,23287,0,0
1798,100001799,1,1,32,1,27008,1,0
1799,100001800,0,1,31,1,22333,0,0
1800,100001801,0,0,52,1,23909,0,0
1801,100001802,0,0,53,1,31225,1,0
1802,100001803,1,1,34,1,43900,0,0
1803,100001804,1,1,22,1,23134,1,0
1804,100001805,0,1,33,1,20921,0,0
1805,100001806,0,0,32,0,32077,1,0
1806,100001807,1,0,45,1,26188,0,0
1807,100001808,0,1,25,1,17055,0,0
1808,100001809,1,1,41,1,24251,0,0
1809,100001810,1,0,36,1,26843,0,0
1810,100001811,1,1,27,1,27627,1,0
1811,100001812,0,0,40,1,18048,0,0
1812,100001813,1,0,37,1,23993,0,0
1813,100001814,0,0,35,1,26389,0,0
1814,100001815,0,0,34,1,44350,0,0
1815,100001816,1,0,28,0,29427,1,0
1816,100001817,1,0,44,1,19014,0,0
1817,100001818,0,1,27,1,25098,1,0
1818,100001819,1,0,50,1,28327,1,0
1819,100001820,1,1,18,1,25231,1,0
1820,100001821,1,0,25,0,18047,0,0
1821,100001822,1,1,40,1,17607,0,0
1822,100001823,0,1,28,1,27525,1,0
1823,100001824,1,1,23,1,15206,0,0
1824,100001825,1,1,35,1,75100,0,0
1825,100001826,1,1,28,1,32331,1,0
1826,100001827,1,0,23,0,47770,1,0
1827,100001828,0,1,34,1,28194,1,0
1828,100001829,1,1,29,1,12874,0,0
1829,100001830,1,0,35,1,51390,1,0
1830,100001831,1,1,32,1,21873,0,0
1831,100001832,1,0,46,1,18182,0,0
1832,100001833,1,1,27,1,28693,1,0
1833,100001834,1,1,25,1,31089,1,0
1834,100001835,1,1,27,1,50810,0,0
1835,100001836,1,1,24,1,21991,0,0
1836,100001837,1,0,33,0,17380,0,0
1837,100001838,1,1,24,1,27371,1,0
1838,100001839,1,0,28,0,19301,0,0
1839,100001840,1,0,35,1,13402,0,0
1840,100001841,1,1,30,1,29669,1,0
1841,100001842,0,0,43,1,29128,1,0
1842,100001843,0,1,21,1,28689,0,0
1843,100001844,1,1,24,1,16463,0,0
1844,100001845,0,0,34,1,18906,0,0
1845,100001846,1,1,26,1,31863,1,0
1846,100001847,0,0,37,1,26768,1,0
1847,100001848,1,1,32,1,20549,0,0
1848,100001849,1,1,33,1,53370,0,0
1849,100001850,0,1,28,1,23629,1,0
1850,100001851,1,1,30,1,28607,1,0
1851,100001852,1,1,26,1,14291,0,0
1852,100001853,1,0,25,0,27402,0,0
1853,100001854,0,0,33,0,28404,1,0
1854,100001855,1,1,30,1,23463,1,0
1855,100001856,1,1,26,1,32255,1,0
1856,100001857,0,1,23,1,16701,0,0
1857,100001858,0,1,25,1,15672,0,0
1858,100001859,1,0,40,1,16904,0,0
1859,100001860,0,0,46,1,28373,0,0
1860,100001861,1,1,43,1,12158,0,0
1861,100001862,1,1,22,1,26848,0,0
1862,100001863,0,1,39,1,18096,0,0
1863,100001864,1,1,27,1,28983,0,0
1864,100001865,0,0,40,1,23295,0,0
1865,100001866,0,0,24,0,15876,0,0
1866,100001867,1,0,52,1,28404,1,0
1867,100001868,1,1,30,1,30349,0,0
1868,100001869,1,1,34,1,39140,0,0
1869,100001870,1,0,38,1,25981,1,0
1870,100001871,0,1,39,1,22274,0,0
1871,100001872,1,0,29,0,20213,0,0
1872,100001873,0,1,25,1,16301,0,0
1873,100001874,1,1,35,1,23373,0,0
1874,100001875,0,0,53,1,30492,0,0
1875,100001876,0,0,26,0,15506,0,0
1876,100001877,0,0,33,1,22150,0,0
1877,100001878,0,1,29,1,22478,0,0
1878,100001879,0,0,39,1,20835,0,0
1879,100001880,0,0,29,0,25859,1,0
1880,100001881,0,0,26,0,28862,1,0
1881,100001882,0,0,24,0,17062,0,0
1882,100001883,1,1,21,1,28407,0,0
1883,100001884,1,1,26,1,62940,1,0
1884,100001885,1,1,20,1,22794,0,0
1885,100001886,1,0,35,1,18316,0,0
1886,100001887,1,1,24,1,34510,0,0
1887,100001888,1,0,40,1,30648,1,0
1888,100001889,1,0,44,1,61090,1,0
1889,100001890,0,0,29,0,37580,0,0
1890,100001891,1,1,39,1,20493,0,0
1891,100001892,1,1,35,1,23048,0,0
1892,100001893,0,0,42,1,53690,0,0
1893,100001894,1,0,32,1,24505,1,0
1894,100001895,0,0,48,1,23717,0,0
1895,100001896,0,0,26,0,20860,0,0
1896,100001897,1,1,26,1,27471,1,0
1897,100001898,0,0,42,1,24719,0,0
1898,100001899,0,0,48,1,23740,0,0
1899,100001900,1,1,42,1,65370,1,0
1900,100001901,1,1,27,1,23523,0,0
1901,100001902,1,1,37,1,23767,0,0
1902,100001903,0,0,33,0,29327,1,0
1903,100001904,0,0,33,1,28023,1,0
1904,100001905,1,0,37,1,30973,1,0
1905,100001906,1,1,31,1,20047,0,0
1906,100001907,0,0,39,1,31022,1,0
1907,100001908,1,0,40,1,20668,0,0
1908,100001909,1,1,28,1,22214,0,0
1909,100001910,1,1,26,1,40270,0,0
1910,100001911,1,1,24,1,21057,0,0
1911,100001912,0,0,40,1,25990,1,0
1912,100001913,1,1,29,1,25599,1,0
1913,100001914,0,0,43,1,27890,1,0
1914,100001915,0,0,23,0,44130,0,0
1915,100001916,1,0,34,1,28691,1,0
1916,100001917,1,1,42,1,28318,1,0
1917,100001918,1,1,33,1,26188,1,0
1918,100001919,1,1,32,1,30131,1,0
1919,100001920,1,1,26,1,24020,0,0
1920,100001921,1,1,23,1,21806,0,0
1921,100001922,1,1,26,1,17333,0,0
1922,100001923,1,1,27,1,21944,0,0
1923,100001924,0,0,24,0,17744,0,0
1924,100001925,0,0,27,0,26049,0,0
1925,100001926,1,1,26,1,24387,1,0
1926,100001927,1,0,42,1,19744,0,0
1927,100001928,1,0,37,1,82500,0,0
1928,100001929,1,1,26,1,21576,0,0
1929,100001930,1,1,24,1,19690,0,0
1930,100001931,1,0,39,1,31385,1,0
1931,100001932,0,0,26,0,17584,0,0
1932,100001933,0,1,35,1,28243,1,0
1933,100001934,0,0,38,1,48340,0,0
1934,100001935,1,1,24,1,24730,1,0
1935,100001936,1,0,26,0,27312,1,0
1936,100001937,0,0,25,0,54480,0,0
1937,100001938,0,0,40,1,17825,0,0
1938,100001939,1,0,48,1,26939,0,0
1939,100001940,1,1,22,1,111600,1,0
1940,100001941,1,1,25,1,25743,1,0
1941,100001942,0,1,24,1,15860,0,0
1942,100001943,0,0,39,1,29728,0,0
1943,100001944,0,0,39,1,20246,0,0
1944,100001945,1,1,21,1,17197,0,0
1945,100001946,1,0,27,0,21615,0,0
1946,100001947,0,0,40,1,38440,0,0
1947,100001948,1,1,37,1,26852,1,0
1948,100001949,1,0,42,1,17278,0,0
1949,100001950,1,1,31,1,29791,1,0
1950,100001951,1,1,31,1,25504,1,0
1951,100001952,0,0,30,0,48840,1,0
1952,100001953,1,0,23,0,16265,0,0
1953,100001954,0,0,33,0,29536,1,0
1954,100001955,1,1,37,1,31137,1,0
1955,100001956,1,0,29,0,21409,0,0
1956,100001957,1,0,31,1,28277,1,0
1957,100001958,0,0,39,1,23388,0,0
1958,100001959,1,1,33,1,10629,0,0
1959,100001960,0,1,26,1,18107,0,0
1960,100001961,1,1,27,1,27538,1,0
1961,100001962,1,0,20,0,15241,0,0
1962,100001963,1,1,27,1,25154,0,0
1963,100001964,1,1,26,1,35510,0,0
1964,100001965,0,0,40,1,23547,0,0
1965,100001966,0,0,24,0,11185,0,0
1966,100001967,1,1,22,1,51600,1,0
1967,100001968,1,1,24,1,15583,0,0
1968,100001969,1,0,27,0,25946,1,0
1969,100001970,0,0,35,1,49700,1,0
1970,100001971,0,1,27,1,26299,1,0
1971,100001972,1,1,25,1,28891,0,0
1972,100001973,1,1,34,1,31460,0,0
1973,100001974,1,0,24,0,16984,0,0
1974,100001975,1,0,34,1,30215,1,0
1975,100001976,0,0,42,1,19329,0,0
1976,100001977,1,0,38,1,21163,0,0
1977,100001978,0,0,42,1,20401,0,0
1978,100001979,1,0,35,1,56690,0,0
1979,100001980,1,1,27,1,25161,1,0
1980,100001981,0,0,25,0,16009,0,0
1981,100001982,1,1,23,1,25337,1,0
1982,100001983,1,1,34,1,31583,1,0
1983,100001984,1,1,28,1,32719,1,0
1984,100001985,0,0,21,0,25867,1,0
1985,100001986,1,0,32,0,28647,1,0
1986,100001987,1,1,21,1,30170,1,0
1987,100001988,0,0,25,0,16657,0,0
1988,100001989,1,1,35,1,31111,0,0
1989,100001990,1,1,25,1,26641,0,0
1990,100001991,1,1,31,1,19689,0,0
1991,100001992,0,0,54,1,32134,1,0
1992,100001993,1,0,51,1,25268,0,0
1993,100001994,1,0,38,1,21917,0,0
1994,100001995,0,0,45,1,28353,1,0
1995,100001996,1,0,47,1,30881,0,0
1996,100001997,1,1,27,1,29436,1,0
1997,100001998,0,0,31,0,86400,0,0
1998,100001999,1,1,24,1,24492,0,0
1999,100002000,0,0,25,0,17104,0,0
